tax_seq_id,GO:0003674,GO:0003824,GO:0005488,GO:0005515,GO:0005575,GO:0008150,GO:0008152,GO:0009987,GO:0071704,GO:0110165
O67056,1,0,1,1,0,0,0,0,0,0
A0A6G9KHD3,0,0,0,0,1,0,0,0,0,1
P12579,1,0,1,1,1,0,0,0,0,1
O60020,1,1,0,0,1,1,1,0,1,1
B3FTL2,1,1,0,0,0,0,0,0,0,0
Q93MW7,1,1,0,0,0,0,0,0,0,0
Q3HM11,0,0,0,0,0,1,0,0,0,0
Q1D4V7,1,0,1,1,0,0,0,0,0,0
P86242,1,0,0,0,1,1,0,0,0,1
W2SDE2,1,0,1,1,0,0,0,0,0,0
Q9U1N0,0,0,0,0,1,0,0,0,0,1
Q2V0W1,1,1,1,1,0,1,1,1,1,0
P72578,1,1,0,0,0,0,0,0,0,0
Q62L02,1,1,1,0,0,1,1,1,1,0
Q9RR46,1,0,0,0,0,1,0,0,0,0
P84759,0,0,0,0,1,1,0,0,0,1
Q9FPP8,1,1,0,0,1,1,1,1,1,1
P08617,1,1,0,0,1,1,0,0,0,0
Q84940,1,0,1,1,0,0,0,0,0,0
P45689,1,0,0,0,1,0,0,0,0,1
P85528,1,0,0,0,1,1,0,0,0,1
Q8GAK7,1,1,1,0,0,1,1,0,1,0
P11193,0,0,0,0,0,1,0,0,0,0
C0HM57,0,0,0,0,1,0,0,0,0,1
B3NV41,0,0,0,0,1,0,0,0,0,1
Q2KS03,0,0,0,0,1,1,0,0,0,1
P15571,0,0,0,0,0,1,0,0,0,0
D6WMX4,1,1,1,1,0,1,1,1,1,0
Q8WT56,0,0,0,0,1,0,0,0,0,1
Q5S260,1,1,0,0,0,1,0,1,0,0
Q65652,1,1,0,0,0,0,0,0,0,0
C0HLV0,1,1,0,0,0,0,0,0,0,0
Q96WT2,1,1,0,0,0,1,1,1,1,0
Q9QMH9,1,0,1,1,0,0,0,0,0,0
B2BUF1,1,0,1,1,0,0,0,0,0,0
Q68VC1,0,0,0,0,0,1,0,0,0,0
P83246,1,1,1,1,0,1,1,0,1,0
E0XKJ9,1,1,0,0,0,1,1,0,1,0
P60164,1,0,0,0,1,0,0,0,0,1
Q7WTU1,1,0,1,1,1,0,0,0,0,1
Q9M653,1,1,0,0,0,0,0,0,0,0
B2UP57,1,1,0,0,0,1,1,0,1,0
Q7M8G0,1,1,0,0,0,1,1,1,1,0
P83335,0,0,0,0,0,1,0,0,0,0
P04273,1,0,1,1,0,1,1,1,1,0
A0A151CBU1,1,0,1,1,1,0,0,0,0,1
P0DUQ3,1,1,0,0,0,1,0,0,0,0
P69687,1,0,1,1,0,0,0,0,0,0
G8SD34,1,1,0,0,0,1,1,1,1,0
D0U1P6,1,0,1,1,0,0,0,0,0,0
Q3AF10,1,0,1,1,0,0,0,0,0,0
O93428,1,1,0,0,0,1,1,0,1,0
O68195,1,0,1,1,0,0,0,0,0,0
O53872,0,0,0,0,1,0,0,0,0,1
D2ZZC1,1,0,1,1,1,1,0,1,0,1
P86783,0,0,0,0,0,1,0,0,0,0
P0DKB4,1,1,0,0,0,0,0,0,0,0
C0HKQ3,1,0,0,0,0,1,0,0,0,0
Q9BP38,1,0,1,1,1,1,0,0,0,0
A8W9Z0,1,0,1,1,0,0,0,0,0,0
Q7WUM3,0,0,0,0,0,1,1,1,1,0
A7TJH8,1,0,1,1,0,0,0,0,0,0
B8QIR1,0,0,0,0,0,1,0,0,0,0
A8RG82,1,1,1,0,0,0,0,0,0,0
Q0MWV8,0,0,0,0,0,1,0,0,0,0
Q32ZD5,1,1,0,0,0,0,0,0,0,0
C1PGW1,0,0,0,0,1,1,0,1,0,1
A1JSP4,0,0,0,0,0,1,0,0,0,0
F8WSY7,1,1,0,0,0,0,0,0,0,0
Q5TLG6,1,0,1,1,0,0,0,0,0,0
Q27128,1,1,0,0,0,1,1,1,0,0
Q8I8W7,1,0,1,1,0,1,0,0,0,0
O13134,1,0,0,0,0,0,0,0,0,0
P21231,1,0,1,1,1,0,0,0,0,1
Q5J4V8,0,0,0,0,1,0,0,0,0,1
P21683,1,1,0,0,0,1,1,1,1,0
P94135,0,0,0,0,0,1,1,1,1,0
Q0TR53,1,1,1,0,0,1,1,1,1,0
B3EWY5,0,0,0,0,1,1,0,0,0,1
P22473,1,0,0,0,0,0,0,0,0,0
A0A2I4E5L6,1,0,0,0,1,1,0,1,0,1
A0A0H3JX98,1,1,0,0,0,1,1,0,1,0
A3KIM2,1,1,1,0,0,1,1,0,1,0
Q764F6,1,0,1,1,0,0,0,0,0,0
K4GKX2,1,1,0,0,0,1,1,0,1,0
P85110,0,0,0,0,1,0,0,0,0,1
P17863,1,0,1,1,0,0,0,0,0,0
G3CKA6,1,0,1,1,0,0,0,0,0,0
W0LYS5,0,0,0,0,0,1,0,0,0,0
R4TUW8,1,1,0,0,0,0,0,0,0,0
C4ZUT0,1,1,0,0,1,0,0,0,0,1
Q95VF0,1,0,1,0,0,0,0,0,0,0
P04590,1,0,1,1,0,0,0,0,0,0
A0A151EH88,1,1,0,0,0,1,1,1,1,0
A0A2L0ART2,1,0,0,0,1,1,0,0,0,1
B9WZX0,0,0,0,0,0,1,1,1,1,0
C0HLN6,0,0,0,0,0,1,0,1,0,0
Q8RM02,1,1,0,0,0,1,1,1,1,0
A7MAQ2,1,1,1,0,0,1,0,1,0,0
P86924,1,1,0,0,1,1,1,1,1,1
Q27081,1,1,0,0,0,1,1,0,1,0
G3MJ83,1,0,1,1,0,0,0,0,0,0
Q9TWW2,0,0,0,0,1,1,0,0,0,1
L0E155,1,1,0,0,0,1,1,0,0,0
P83573,0,0,0,0,0,1,0,0,0,0
G8GJ95,1,1,0,0,0,1,1,1,1,0
O88111,0,0,0,0,0,1,1,0,0,0
P89216,0,0,0,0,1,0,0,0,0,1
P48814,1,1,0,0,0,0,0,0,0,0
Q9GNQ1,0,0,0,0,1,1,0,0,0,1
B3EWC6,1,1,0,0,0,1,1,1,0,0
Q0Q029,0,0,0,0,1,1,0,0,0,1
P09613,1,0,1,1,0,1,0,0,0,0
P83480,1,0,0,0,0,0,0,0,0,0
P51715,1,1,0,0,0,0,0,0,0,0
B3FK34,1,0,1,1,0,1,0,0,0,0
Q9I8F5,1,0,1,0,0,0,0,0,0,0
P06422,1,0,1,1,0,0,0,0,0,0
A0A060A682,1,0,0,0,1,1,0,1,0,1
C0HL85,0,0,0,0,0,1,0,0,0,0
Q9Z5Z7,1,0,1,1,0,0,0,0,0,0
P06465,1,0,1,1,0,0,0,0,0,0
P83306,0,0,0,0,0,1,1,0,0,0
C0LQF3,0,0,0,0,0,1,0,1,0,0
P85002,0,0,0,0,0,1,0,0,0,0
C6XHE2,1,1,0,0,0,1,1,1,1,0
P0C1R0,0,0,0,0,1,1,0,0,0,1
G4RIN9,1,1,0,0,0,0,0,0,0,0
Q1LRY0,1,1,1,0,0,1,1,1,1,0
Q58GE8,1,1,0,0,0,1,1,1,1,0
A0A140KFG9,1,1,0,0,0,1,1,1,1,0
Q008X6,0,0,0,0,0,1,1,1,1,0
F7ZLS5,1,1,1,0,0,1,1,0,1,0
Q9HE18,1,1,1,0,1,1,1,1,1,1
P0DV11,1,0,1,0,0,1,0,0,0,0
B3EWF8,1,0,0,0,1,1,0,0,0,1
F2SG60,1,0,0,0,0,1,0,1,0,0
A0A166B1A6,0,0,0,0,1,0,0,0,0,1
A0A125SXN2,0,0,0,0,0,1,1,1,1,0
P84777,1,0,0,0,1,1,0,0,0,1
K5BJH8,1,1,0,0,0,1,0,1,0,0
P04849,0,0,0,0,0,1,0,0,0,0
P0C213,1,0,1,1,0,0,0,0,0,0
Q55013,0,0,0,0,1,0,0,0,0,1
P31352,0,0,0,0,1,1,1,1,1,0
Q256S2,1,0,1,0,0,1,1,0,1,0
Q6J3N5,1,1,0,0,0,1,1,1,1,0
Q9GT50,0,0,0,0,0,1,0,0,0,0
Q0H293,0,0,0,0,1,1,0,0,0,1
P52700,1,1,1,0,0,1,1,1,0,0
Q6IT90,0,0,0,0,1,0,0,0,0,1
Q7X2A1,1,0,0,0,0,0,0,0,0,0
I1ZHA5,1,1,0,0,0,1,1,1,1,0
Q93UV4,1,1,1,0,0,1,1,1,1,0
A4YGN2,1,1,0,0,0,0,0,0,0,0
Q52VH2,1,0,1,1,0,0,0,0,0,0
P84821,1,0,1,0,1,1,0,0,0,1
A2QZ43,0,0,0,0,0,1,0,1,0,0
B1AL16,0,0,0,0,1,0,0,0,0,1
Q8B9I6,0,0,0,0,0,1,0,0,0,0
D0EM60,1,1,0,0,0,0,0,0,0,0
Q9GK38,1,0,1,1,0,0,0,0,0,0
A0A009IHW8,1,1,0,0,0,1,1,1,1,0
C0ZVK5,0,0,0,0,1,0,0,0,0,1
Q6GLC9,0,0,0,0,1,0,0,0,0,1
O52380,1,1,0,0,1,1,1,1,1,0
A3SK19,1,1,1,1,0,0,0,0,0,0
C1IIX1,0,0,0,0,0,1,0,0,0,0
A0A023G6B6,1,0,1,1,0,0,0,0,0,0
Q27451,1,1,0,0,1,1,1,1,1,1
Q65CJ7,1,1,0,0,0,0,0,0,0,0
C4YMW2,1,1,0,0,0,0,0,0,0,0
Q9Q0U9,1,0,1,1,0,0,0,0,0,0
P14779,1,1,1,1,0,0,0,0,0,0
A3R052,1,1,0,0,0,1,1,1,1,0
Q6VPV2,1,1,0,0,0,1,1,1,1,0
P79085,1,0,1,1,1,0,0,0,0,1
Q6DLS1,1,0,1,1,0,0,0,0,0,0
A3DHD2,1,0,1,0,0,0,0,0,0,0
Q2CEE3,1,1,0,0,0,1,1,1,1,0
P61554,0,0,0,0,0,1,0,1,0,0
H1ZV38,1,1,1,1,0,1,1,1,1,0
R9QMY8,1,1,0,0,0,1,1,1,1,0
P87666,1,0,1,1,0,1,0,0,0,0
P46872,1,0,1,1,0,0,0,0,0,0
E7D6C3,1,1,0,0,0,0,0,0,0,0
Q9P8C9,1,1,0,0,0,1,1,0,1,0
Q72U69,0,0,0,0,1,1,0,0,0,1
P61502,0,0,0,0,0,1,1,1,1,0
Q56992,1,0,1,1,0,0,0,0,0,0
Q2IDH1,1,0,1,1,0,0,0,0,0,0
P26660,1,0,1,1,0,1,0,0,0,0
P03422,1,0,1,1,0,0,0,0,0,0
Q69306,0,0,0,0,0,1,0,0,0,0
P74946,0,0,0,0,0,1,1,1,1,0
Q1R2T5,1,0,1,1,0,0,0,0,0,0
Q6G2A9,1,1,0,0,0,1,1,0,1,0
A8EVM5,1,0,1,1,0,0,0,0,0,0
Q76L33,1,1,0,0,1,0,0,0,0,1
Q8TTH3,1,1,0,0,0,1,1,1,1,0
P81761,1,0,0,0,1,1,0,0,0,1
A0A0C9S461,1,0,1,1,0,1,0,0,0,0
A0A0D1E6R6,0,0,0,0,1,1,0,0,0,1
P03315,1,0,1,0,1,1,0,0,0,1
P84842,0,0,0,0,1,1,0,0,0,1
P83525,1,1,1,0,1,1,1,0,1,1
A0A1S5RW73,1,1,1,0,0,1,1,1,1,0
P03259,1,0,1,1,0,0,0,0,0,0
P84701,0,0,0,0,1,0,0,0,0,1
P56612,1,0,0,0,1,1,0,0,0,1
P89454,0,0,0,0,0,1,0,0,0,0
R4ZGN4,1,1,1,1,1,1,1,1,1,1
P19508,1,0,1,1,0,0,0,0,0,0
P83623,1,0,0,0,1,1,0,0,0,1
Q9EZJ8,1,0,0,0,0,0,0,0,0,0
A8BZ76,1,0,1,1,0,0,0,0,0,0
Q9ZES5,0,0,0,0,1,0,0,0,0,1
Q8H2B4,1,1,1,0,0,1,1,1,1,0
Q00870,1,1,0,0,0,1,1,1,0,0
C4MBZ5,1,1,0,0,0,1,1,0,1,0
Q2I2Q5,1,0,0,0,1,1,0,0,0,1
Q89933,1,0,1,1,1,1,0,0,0,1
Q383T7,0,0,0,0,1,0,0,0,0,1
P84274,0,0,0,0,1,1,0,0,0,1
A0A0S2II38,1,1,0,0,0,1,1,0,1,0
Q8RP17,1,0,1,1,0,0,0,0,0,0
O39198,1,0,1,1,0,0,0,0,0,0
I1MGE5,1,0,1,1,0,1,1,0,1,0
B0TZW0,1,1,1,0,0,1,1,0,1,0
P58906,1,0,1,0,0,0,0,0,0,0
P86589,0,0,0,0,1,0,0,0,0,1
R9UTQ8,1,1,1,0,0,1,1,0,0,0
H9C1A3,0,0,0,0,1,0,0,0,0,0
Q09092,1,0,1,1,0,0,0,0,0,0
P03407,1,0,1,1,0,1,0,1,0,0
Q8UUG8,0,0,0,0,0,1,0,0,0,0
B2LSD2,1,1,1,1,0,0,0,0,0,0
B2NID7,1,1,0,0,0,1,1,0,1,0
C0SVZ5,1,1,0,0,0,1,1,0,1,0
Q1W3E4,1,1,1,1,1,1,1,1,0,0
P36336,1,0,1,1,0,0,0,0,0,0
Q775D6,1,0,1,1,0,0,0,0,0,0
D6CJK0,1,1,0,0,0,0,0,0,0,0
A0A0N9NCU6,1,1,0,0,0,1,1,0,1,0
O83213,1,0,1,1,0,0,0,0,0,0
Q4R1I4,1,0,0,0,1,1,0,1,0,1
Q2NNN5,0,0,0,0,1,0,0,0,0,0
A0A095AMW7,1,1,1,0,0,1,1,1,0,0
Q27YG7,0,0,0,0,1,0,0,0,0,0
Q4W8B7,0,0,0,0,0,1,1,1,1,0
P68927,1,0,1,1,0,0,0,0,0,0
A8QW55,1,0,1,1,0,0,0,0,0,0
Q8H996,0,0,0,0,0,1,0,0,0,0
Q4R0H9,1,1,0,0,0,1,1,1,1,0
A0A0H2VBP9,1,0,1,1,0,0,0,0,0,0
A0JC82,1,0,1,1,0,1,0,0,0,0
Q2F6L5,0,0,0,0,1,0,0,0,0,1
Q96UQ7,1,0,1,0,0,1,1,1,1,0
Q9S4P4,0,0,0,0,1,0,0,0,0,1
Q1G9H4,1,1,0,0,0,1,1,1,1,0
P22121,1,0,1,0,1,0,0,0,0,0
Q8JSK4,1,0,1,1,0,0,0,0,0,0
C7SFP6,0,0,0,0,0,1,0,1,0,0
P97207,1,1,0,0,1,0,0,0,0,1
B2KIT2,0,0,0,0,1,0,0,0,0,1
Q6H9H9,0,0,0,0,0,1,1,1,1,0
P02628,1,0,1,0,0,0,0,0,0,0
A0A2K9RFZ7,1,1,0,0,0,0,0,0,0,0
P83961,0,0,0,0,0,1,0,0,0,0
D7PHZ1,0,0,0,0,0,1,1,1,1,0
U5PZT6,1,1,0,0,1,1,1,1,1,1
A0A507D1H9,0,0,0,0,0,1,0,0,0,0
Q6TY28,1,0,1,1,0,0,0,0,0,0
Q07932,0,0,0,0,1,1,0,0,0,1
P0CZ13,0,0,0,0,1,0,0,0,0,1
P08544,0,0,0,0,0,1,0,0,0,0
C0BK17,1,1,1,0,0,1,1,0,1,0
D0UZK2,1,1,0,0,0,1,0,0,0,0
A3LZU7,1,1,0,0,0,1,1,0,1,0
P84639,0,0,0,0,0,1,0,0,0,0
P03520,1,0,1,1,0,1,1,1,0,0
Q93ED6,1,0,1,1,0,0,0,0,0,0
P83257,1,0,0,0,0,1,0,0,0,0
Q6Q1R8,1,0,1,0,1,0,0,0,0,1
Q76HM7,1,1,0,0,0,1,1,0,1,0
A4L7R7,0,0,0,0,1,1,0,0,0,1
P33752,1,1,0,0,0,0,0,0,0,0
C8WJZ5,1,1,0,0,0,0,0,0,0,0
Q155Z9,1,1,0,0,1,1,0,0,0,0
A0A172J1V3,1,1,1,1,0,1,1,1,1,0
P85055,0,0,0,0,1,1,0,1,0,1
O06499,1,1,0,0,0,0,0,0,0,0
A0A140C435,1,1,0,0,0,1,1,1,1,0
C0HLN8,0,0,0,0,0,1,0,1,0,0
B3PDE5,1,1,0,0,0,1,1,1,1,0
D0KNS6,1,0,1,1,0,0,0,0,0,0
Q45695,1,1,0,0,0,0,0,0,0,0
Q9AAH3,0,0,0,0,0,1,0,1,0,0
Q77Q71,1,0,1,1,1,1,0,0,0,1
A5V6Z0,1,1,1,0,0,1,1,0,1,0
O30642,1,1,0,0,0,0,0,0,0,0
Q9NJS1,1,0,0,0,0,0,0,0,0,0
Q8JNK2,1,0,1,1,0,0,0,0,0,0
P93762,1,1,1,1,0,0,0,0,0,0
B3A0L2,0,0,0,0,1,1,0,0,0,1
Q84SM8,1,1,0,0,0,1,1,1,1,0
Q2H2M9,0,0,0,0,0,1,0,0,0,0
Q9L9G0,1,1,0,0,0,1,1,1,1,0
P86362,0,0,0,0,1,0,0,0,0,1
P04480,1,0,1,1,0,0,0,0,0,0
Q5H3E9,0,0,0,0,0,1,0,0,0,0
P0DOE3,0,0,0,0,0,1,0,0,0,0
Q01772,1,1,0,0,1,1,1,1,1,1
P85231,0,0,0,0,0,1,0,1,0,0
P00852,1,1,0,0,0,0,0,0,0,0
Q8WT57,0,0,0,0,1,0,0,0,0,1
Q70AY6,1,0,1,1,0,0,0,0,0,0
Q9GRT1,1,1,0,0,1,1,1,1,1,1
G3K2A8,0,0,0,0,0,1,1,1,1,0
P83283,1,0,0,0,0,0,0,0,0,0
Q4W382,0,0,0,0,0,1,1,1,1,0
Q50L36,1,1,1,0,1,1,1,1,1,1
P07567,1,0,1,1,1,0,0,0,0,1
P0CW72,1,0,1,1,0,0,0,0,0,0
A5Y5L5,1,1,0,0,0,1,1,1,1,0
Q41062,1,0,1,0,1,1,0,1,0,1
P83275,0,0,0,0,0,1,0,1,0,0
Q73VY8,1,0,1,1,0,0,0,0,0,0
C2M741,1,1,0,0,0,1,1,1,1,0
Q8GUE4,1,1,1,0,0,1,1,1,1,0
A0QXE5,1,1,0,0,0,1,1,1,1,0
Q9PSN7,1,1,0,0,0,1,0,0,0,0
F6KZW9,0,0,0,0,0,1,0,0,0,0
Q9PDH1,0,0,0,0,0,1,0,0,0,0
P36799,1,0,1,1,0,0,0,0,0,0
B1NKT1,1,1,0,0,0,1,0,0,0,0
Q9FZT2,1,1,0,0,0,0,0,0,0,0
A0CDD4,0,0,0,0,1,1,0,1,0,1
A0A1L3THR9,1,1,0,0,1,1,1,0,1,1
P10807,1,0,1,1,0,0,0,0,0,0
Q8X150,1,1,0,0,0,1,1,1,1,0
Q93AL8,1,1,0,0,0,1,1,1,1,0
P60781,1,1,0,0,1,1,1,1,1,1
Q04983,1,1,1,1,0,1,1,1,1,0
G4XII4,0,0,0,0,0,1,0,0,0,0
M0Y4P1,1,1,0,0,0,1,0,0,0,0
P84253,1,0,1,0,1,0,0,0,0,1
Q9SPD4,0,0,0,0,0,1,0,0,0,0
P84814,1,0,1,1,0,1,0,0,0,0
P86593,0,0,0,0,1,0,0,0,0,1
B9R4E3,1,1,0,0,0,0,0,0,0,0
P49278,1,0,1,1,0,0,0,0,0,0
A0A6M3VXD3,1,0,1,0,1,0,0,0,0,0
Q8L1D1,0,0,0,0,0,1,0,1,0,0
Q7BHI8,1,0,1,1,0,1,0,0,0,0
P84510,1,0,0,0,1,1,0,0,0,1
P84807,0,0,0,0,1,1,0,0,0,1
C0HLT8,1,0,0,0,0,1,0,0,0,0
P9WEW3,1,1,0,0,1,1,1,0,1,1
D4ZX35,1,1,0,0,0,1,1,1,1,0
P0A434,1,1,0,0,1,0,0,0,0,1
P0CS62,0,0,0,0,1,1,1,1,1,1
Q81JD7,0,0,0,0,0,1,0,0,0,0
P27228,1,0,1,1,0,0,0,0,0,0
P69543,0,0,0,0,0,1,1,1,1,0
O50083,1,1,0,0,0,1,1,1,1,0
Q9DG88,1,0,1,1,1,0,0,0,0,1
D4GUJ7,1,0,1,1,0,0,0,0,0,0
D3G9N3,1,1,0,0,0,1,1,0,1,0
A0A348AUV5,1,1,0,0,0,1,1,1,1,0
P0DJL1,0,0,0,0,1,1,0,0,0,1
P17763,0,0,0,0,1,1,0,0,0,1
P84002,0,0,0,0,1,0,0,0,0,1
A0A3S5YBC7,1,1,0,0,0,1,1,1,1,0
B5UAQ8,1,1,0,0,0,1,1,0,1,0
A0A044RE18,1,1,0,0,0,1,1,0,1,0
Q06797,1,0,1,1,0,0,0,0,0,0
P86383,1,1,0,0,0,0,0,0,0,0
R9QMR2,1,1,0,0,0,1,1,1,1,0
Q9XHG1,1,1,0,0,0,0,0,0,0,0
O93248,1,1,0,0,0,0,0,0,0,0
B3TPQ6,1,1,0,0,0,1,1,1,1,0
Q9WNN0,0,0,0,0,1,0,0,0,0,1
P0DJ42,1,1,0,0,0,0,0,0,0,0
Q5V9A4,1,0,1,1,0,0,0,0,0,0
P85500,0,0,0,0,1,0,0,0,0,0
A0A0U1WZ18,1,1,0,0,0,1,1,1,1,0
Q9AJU0,1,1,0,0,0,1,1,1,0,0
P04509,0,0,0,0,1,0,0,0,0,0
Q4G4D4,1,0,1,1,1,1,0,1,0,1
Q7SFA8,0,0,0,0,0,1,0,0,0,0
A0A0H3KB22,1,1,1,1,0,0,0,0,0,0
O86488,1,0,1,0,0,0,0,0,0,0
P22363,1,0,0,0,0,0,0,0,0,0
Q0JRK4,1,1,0,0,1,1,1,0,1,1
P03558,0,0,0,0,0,1,0,0,0,0
P97275,1,1,1,0,1,1,1,1,1,1
G8QCB1,1,0,1,0,1,0,0,0,0,0
O43980,1,1,0,0,0,1,1,1,1,0
P86563,0,0,0,0,1,0,0,0,0,1
P22242,0,0,0,0,0,1,0,1,0,0
T1SFR8,0,0,0,0,0,1,0,1,0,0
A0A075FBT3,1,1,0,0,0,0,0,0,0,0
E3W9C4,1,1,0,0,0,1,1,1,1,0
A3EX97,0,0,0,0,1,1,0,0,0,1
H6UNZ8,1,1,0,0,0,0,0,0,0,0
Q7WT72,1,1,0,0,0,1,1,1,1,0
Q52462,0,0,0,0,0,1,1,1,1,0
Q43116,0,0,0,0,1,0,0,0,0,1
Q8H2B5,1,1,0,0,0,1,1,1,1,0
M1VBI3,0,0,0,0,1,0,0,0,0,1
Q9IJX4,1,0,1,1,1,1,1,0,1,0
Q63KH5,1,1,0,0,0,1,0,0,0,0
V5YMB3,1,1,0,0,0,1,1,0,1,0
Q8DZ36,1,0,1,0,1,1,0,0,0,0
Q8L3B3,1,1,1,0,0,1,1,1,1,0
Q6YKB1,1,0,1,1,0,0,0,0,0,0
Q2I6W2,1,0,1,1,0,0,0,0,0,0
D2KKE6,0,0,0,0,0,1,1,0,1,0
I3R9K3,0,0,0,0,0,1,1,1,1,0
C0J1Q3,0,0,0,0,0,1,0,0,0,0
Q8W3Z2,1,1,0,0,0,1,1,1,1,0
A7XQ02,0,0,0,0,1,1,0,0,0,1
Q37916,0,0,0,0,1,0,0,0,0,0
Q6ENA5,0,0,0,0,1,0,0,0,0,1
Q5MJP5,0,0,0,0,1,0,0,0,0,1
Q51817,1,1,1,0,1,1,1,1,1,1
D8ADB5,1,1,1,0,0,1,1,0,1,0
A0A074IWI7,0,0,0,0,0,1,0,0,0,0
P86317,0,0,0,0,1,0,0,0,0,1
A6XMY0,0,0,0,0,0,1,0,1,0,0
P84693,0,0,0,0,1,0,0,0,0,1
Q09T02,0,0,0,0,1,1,0,1,0,1
B9DUC0,0,0,0,0,0,1,0,0,0,0
B6YWC1,1,0,1,1,0,0,0,0,0,0
Q9SPL3,1,0,1,0,0,1,0,0,0,0
Q9KJ21,1,1,0,0,0,1,1,1,1,0
Q913V3,1,0,1,1,1,1,0,0,0,1
Q8GZD5,1,0,1,0,0,0,0,0,0,0
Q2RNI6,0,0,0,0,0,1,0,0,0,0
F0NBH8,1,1,0,0,0,0,0,0,0,0
Q6WY08,1,1,1,0,0,1,0,0,0,0
Q5ZWE8,1,1,0,0,0,0,0,0,0,0
Q4AAD6,1,0,1,1,0,0,0,0,0,0
Q8UWF0,1,0,0,0,0,1,1,1,1,0
Q01299,0,0,0,0,0,1,0,0,0,0
Q6U9F0,1,0,1,1,0,0,0,0,0,0
A0A1L5YRA2,1,0,1,1,0,0,0,0,0,0
P83406,1,0,0,0,1,1,0,0,0,1
A0A0C5QRZ2,1,1,0,0,0,1,1,1,1,0
P27360,1,0,1,1,0,1,0,0,0,0
Q1Q0T4,0,0,0,0,1,0,0,0,0,1
Q8V6X2,0,0,0,0,1,0,0,0,0,1
Q3JZ68,1,1,0,0,0,0,0,0,0,0
Q45296,0,0,0,0,1,0,0,0,0,1
Q38PU3,0,0,0,0,1,0,0,0,0,1
Q77M19,1,0,1,1,0,0,0,0,0,0
P70096,1,0,1,1,1,1,0,1,0,1
A3N292,0,0,0,0,0,1,0,1,0,0
A5JTM6,1,1,0,0,0,0,0,0,0,0
P86295,0,0,0,0,1,1,0,0,0,1
A0A193H356,0,0,0,0,1,0,0,0,0,1
D9UNB2,1,1,1,0,0,1,1,0,1,0
O93707,1,0,1,1,0,0,0,0,0,0
C9ZLK0,0,0,0,0,1,0,0,0,0,1
A0A1I9R3Y6,0,0,0,0,1,0,0,0,0,1
P84140,1,1,1,0,0,1,1,1,1,0
M1VE66,1,1,0,0,0,0,0,0,0,0
Q8H9R7,1,1,0,0,1,0,0,0,0,0
P10407,1,0,1,1,0,0,0,0,0,0
P0DO05,0,0,0,0,0,1,0,0,0,0
J7HCX7,0,0,0,0,0,1,0,0,0,0
E6Z0R3,1,1,1,1,0,1,1,0,1,0
A0A0H3Q9Z3,1,0,1,0,1,1,0,0,0,0
Q0C215,1,0,1,0,1,1,0,0,0,1
G8XR08,1,0,1,0,0,1,0,0,0,0
Q5SF96,1,0,1,1,1,1,0,0,0,1
P81002,0,0,0,0,1,0,0,0,0,1
C0HLM5,1,1,0,0,0,1,1,0,1,0
F2JXJ3,1,1,0,0,1,1,0,1,0,1
I4AY78,1,1,0,0,0,0,0,0,0,0
Q99FX5,1,0,1,1,0,0,0,0,0,0
Q9RAI8,1,1,0,0,0,0,0,0,0,0
G3M4F8,1,0,0,0,1,1,0,1,0,1
Q59118,1,1,0,0,0,1,0,1,0,0
P01446,1,0,0,0,1,1,0,0,0,1
Q9ZJ31,1,1,0,0,0,1,1,1,1,0
A0A1Y3DYH2,1,1,0,0,0,0,0,0,0,0
Q6QGH9,1,1,0,0,0,0,0,0,0,0
P68928,1,0,1,1,0,0,0,0,0,0
P83434,1,0,1,0,0,1,0,0,0,0
B3A0M7,0,0,0,0,0,1,0,1,0,0
D4G3R4,1,1,0,0,0,1,1,1,1,0
V5RGX6,0,0,0,0,0,1,0,0,0,0
W0SKS3,1,1,0,0,1,1,0,1,0,1
K6RLY1,1,1,0,0,0,0,0,0,0,0
A0A1V0E492,1,1,0,0,0,1,1,1,1,0
Q4LCS8,1,0,0,0,1,0,0,0,0,1
Q25733,1,0,1,1,1,0,0,0,0,1
H9XFG5,0,0,0,0,1,0,0,0,0,1
Q3L8N0,1,1,1,0,0,1,1,1,1,0
Q1MSJ2,0,0,0,0,0,1,0,0,0,0
P95619,1,1,0,0,0,1,1,1,1,0
Q68AP4,1,1,0,0,0,0,0,0,0,0
Q00363,1,0,1,0,0,1,0,0,0,0
O34002,1,1,0,0,0,1,1,1,1,0
U5S003,1,1,1,0,0,0,0,0,0,0
Q6KCM2,0,0,0,0,1,1,0,1,0,1
J9MJK9,1,1,0,0,0,1,1,1,1,0
B5KVH4,1,0,0,0,0,1,0,0,0,0
Q6L8J9,1,0,1,1,0,0,0,0,0,0
Q5W9E3,1,1,0,0,0,1,1,1,1,0
W7FCZ9,1,0,1,1,0,0,0,0,0,0
C6SLX5,1,1,0,0,0,1,1,1,1,0
A0T2M3,1,0,1,1,0,0,0,0,0,0
P40290,1,0,1,1,0,0,0,0,0,0
P0C0V9,1,1,1,0,0,0,0,0,0,0
A0A1I4KS07,1,1,0,0,0,1,1,1,1,0
Q59327,1,1,0,0,0,1,1,0,1,0
P20372,1,0,1,1,0,0,0,0,0,0
C0HK70,1,1,0,0,0,0,0,0,0,0
C0KWV6,0,0,0,0,0,1,1,1,1,0
D0VMR8,1,1,0,0,0,1,1,1,1,0
J7H5L9,1,0,1,1,0,0,0,0,0,0
P03562,1,0,1,1,0,0,0,0,0,0
A5HC98,1,0,1,0,0,0,0,0,0,0
P03599,1,0,1,0,1,1,0,0,0,0
P14739,1,0,1,1,0,0,0,0,0,0
Q49SP5,1,1,0,0,0,1,1,1,1,0
Q9ZJ19,1,1,0,0,0,0,0,0,0,0
B6EKE3,0,0,0,0,0,1,0,1,0,0
Q6TM97,0,0,0,0,0,1,0,0,0,0
O21970,0,0,0,0,0,1,0,0,0,0
Q11T61,1,1,1,0,0,1,1,0,1,0
G9MQD3,1,0,1,1,1,1,0,0,0,1
I1C4E4,1,0,1,0,0,1,0,0,0,0
B9E972,1,1,1,1,0,1,1,1,1,0
Q8DIS5,1,0,1,1,0,0,0,0,0,0
Q1GXZ5,1,1,0,0,0,0,0,0,0,0
C0HKB3,0,0,0,0,1,1,0,0,0,1
C7GQH1,0,0,0,0,1,0,0,0,0,1
Q9UUN9,1,1,0,0,0,0,0,0,0,0
A0A0H3NI89,1,0,1,1,0,1,0,0,0,0
P20092,1,1,0,0,0,1,0,0,0,0
A0A0A0PKY3,0,0,0,0,0,1,0,1,0,0
Q90W84,0,0,0,0,0,1,0,0,0,0
P11079,0,0,0,0,1,0,0,0,0,0
Q6TGQ8,1,1,0,0,1,1,0,0,0,1
Q1QT89,1,1,1,0,0,1,1,0,1,0
Q70LC6,1,0,1,0,1,0,0,0,0,0
P23472,1,1,0,0,0,1,1,0,1,0
P0C6V0,0,0,0,0,1,1,1,0,1,1
P86804,1,1,0,0,1,1,1,1,1,1
Q80FJ1,1,0,1,0,1,1,0,1,0,1
Q9PTT2,1,0,1,0,1,0,0,0,0,1
O51547,0,0,0,0,1,0,0,0,0,1
Q9I958,1,1,0,0,0,1,0,1,0,0
G3FFN6,0,0,0,0,0,1,1,1,1,0
A0A2D0TCG7,0,0,0,0,0,1,0,0,0,0
Q6J163,0,0,0,0,1,1,0,1,0,1
A0A0L0LUA6,1,0,1,1,1,0,0,0,0,1
Q2W8R5,0,0,0,0,1,0,0,0,0,1
O39828,1,1,0,0,0,0,0,0,0,0
C5H881,1,1,0,0,0,1,1,0,0,0
P84784,1,1,0,0,0,0,0,0,0,0
P00588,1,1,1,1,1,0,0,0,0,1
G0T621,0,0,0,0,0,1,0,0,0,0
P03316,1,0,1,1,1,1,0,1,0,1
P31778,0,0,0,0,0,1,0,0,0,0
Q9IR59,0,0,0,0,1,0,0,0,0,1
Q46149,1,1,0,0,0,1,1,1,1,0
A0A0H2UPE1,1,0,1,1,0,0,0,0,0,0
Q9KWN0,1,0,1,1,0,0,0,0,0,0
P59049,1,1,0,0,0,1,1,0,1,0
O93868,1,1,1,0,0,1,1,1,1,0
Q66579,0,0,0,0,0,1,0,0,0,0
P40881,1,1,1,0,0,0,0,0,0,0
A0A0E3JT70,1,1,0,0,0,0,0,0,0,0
P20879,1,0,1,0,0,1,0,0,0,0
A0A2H5BHJ6,0,0,0,0,0,1,1,1,1,0
P86320,0,0,0,0,1,0,0,0,0,1
B5LUQ9,0,0,0,0,1,0,0,0,0,1
P85069,0,0,0,0,1,1,0,0,0,1
Q8L3K8,1,0,1,1,0,0,0,0,0,0
P12520,1,0,1,1,0,0,0,0,0,0
P0DJ43,1,1,1,0,0,0,0,0,0,0
F8WKW1,1,1,0,0,0,0,0,0,0,0
A0A2I8B346,0,0,0,0,0,1,0,0,0,0
C0HK48,1,0,0,0,0,0,0,0,0,0
Q9Y871,1,1,0,0,1,1,1,1,1,1
Q6XHB4,1,0,1,1,0,0,0,0,0,0
X4Y2L4,1,1,0,0,0,1,1,0,1,0
P03354,0,0,0,0,0,1,1,1,1,0
P83347,0,0,0,0,1,0,0,0,0,1
A5HZZ4,1,0,1,1,0,0,0,0,0,0
C5IAU5,1,0,1,1,0,0,0,0,0,0
P15570,0,0,0,0,0,1,0,0,0,0
R4JMG7,1,1,0,0,0,0,0,0,0,0
Q77M42,1,0,1,1,0,0,0,0,0,0
P85005,1,0,1,1,1,1,0,1,0,1
B9J8G0,1,1,0,0,0,0,0,0,0,0
C3W5S3,1,0,1,1,0,0,0,0,0,0
P86146,1,0,0,0,1,1,0,1,0,1
K7N5M8,1,1,1,0,0,0,0,0,0,0
Q9KWL3,1,1,0,0,0,1,1,1,1,0
Q53UH4,1,1,0,0,0,1,1,0,1,0
A0A2R6X6S3,0,0,0,0,1,1,0,1,0,1
Q70KH9,1,0,1,1,0,0,0,0,0,0
P51541,1,1,1,0,0,1,1,1,0,0
P50984,1,0,1,1,0,0,0,0,0,0
D9YZJ6,0,0,0,0,0,1,0,0,0,0
Q1AHS5,0,0,0,0,1,0,0,0,0,1
O91464,1,0,1,1,1,1,1,1,1,0
A5VK67,0,0,0,0,0,1,1,1,1,0
P84346,1,1,0,0,0,0,0,0,0,0
Q94MV5,1,1,0,0,0,0,0,0,0,0
Q2F6N7,0,0,0,0,1,0,0,0,0,1
P42212,0,0,0,0,0,1,1,1,0,0
A0A6P6W6H5,1,1,0,0,0,1,1,1,1,0
P03468,1,1,0,0,1,1,0,0,0,1
B3H2N2,1,1,0,0,0,1,1,1,1,0
Q12XX5,1,1,1,0,0,0,0,0,0,0
P28997,1,1,0,0,0,1,1,1,1,0
P86323,0,0,0,0,1,0,0,0,0,1
P86415,0,0,0,0,0,1,0,1,0,0
Q3L0X2,0,0,0,0,1,0,0,0,0,1
A0A1X9ISN9,1,1,0,0,0,1,1,1,1,0
Q9ZA78,1,0,1,1,0,0,0,0,0,0
B3A0L4,1,1,0,0,0,1,1,1,1,0
G3F5K2,1,1,0,0,0,1,1,1,1,0
B0LD08,0,0,0,0,1,0,0,0,0,1
G4REC9,1,1,0,0,0,0,0,0,0,0
D5H2W5,1,0,1,1,0,0,0,0,0,0
Q2HRC7,1,0,1,1,0,0,0,0,0,0
B9A8D7,1,0,0,0,1,0,0,0,0,1
M1J8U6,1,0,1,1,1,1,0,0,0,1
O87079,0,0,0,0,0,1,0,0,0,0
Q2T728,1,0,1,1,0,0,0,0,0,0
C0LTM6,1,1,1,0,0,0,0,0,0,0
P36334,1,0,1,0,0,1,0,1,0,0
P54975,1,1,0,0,0,1,1,1,1,0
Q9EY88,1,1,0,0,0,1,1,1,1,0
A0A385MIS5,1,0,1,0,0,1,0,0,0,0
Q9Y7G8,1,1,0,0,0,1,0,0,0,0
Q6TKR9,1,0,1,1,0,0,0,0,0,0
Q824H6,1,0,1,1,0,0,0,0,0,0
Q8UWF9,0,0,0,0,1,1,0,0,0,1
A6KWY5,1,1,0,0,0,0,0,0,0,0
C0HKC5,1,0,1,1,1,1,0,0,0,0
P58446,0,0,0,0,0,1,0,0,0,0
A5F5X1,1,1,0,0,0,1,0,0,0,0
P86516,1,1,1,0,0,0,0,0,0,0
Q9CKF6,1,0,1,1,1,0,0,0,0,1
Q2F6N6,0,0,0,0,1,0,0,0,0,1
A0P951,0,0,0,0,0,1,1,1,0,0
K6UCV4,1,1,0,0,0,0,0,0,0,0
I1ZJY9,0,0,0,0,0,1,0,0,0,0
G0WXL9,1,0,1,1,0,0,0,0,0,0
L0AR29,0,0,0,0,0,1,0,0,0,0
P86041,1,0,1,0,0,0,0,0,0,0
A0A482ARC8,0,0,0,0,1,1,0,0,0,1
Q5MJR2,0,0,0,0,0,1,0,0,0,0
Q98VG9,1,0,1,1,0,0,0,0,0,0
Q80936,1,0,1,1,0,0,0,0,0,0
Q8EBG2,1,1,0,0,0,1,1,1,1,0
Q10725,1,1,0,0,0,0,0,0,0,0
Q9Q9V5,0,0,0,0,0,1,0,0,0,0
G2NFJ9,1,1,0,0,0,1,1,0,1,0
P03347,1,0,1,1,0,0,0,0,0,0
P58909,1,0,1,0,0,0,0,0,0,0
P84816,0,0,0,0,1,1,0,0,0,1
A0A0M3Q1Q3,1,1,1,1,0,1,0,0,0,0
Q5IZC5,0,0,0,0,1,0,0,0,0,1
Q9JZ70,0,0,0,0,0,1,0,0,0,0
O31269,1,0,1,1,0,0,0,0,0,0
Q8RTL3,1,0,1,1,0,0,0,0,0,0
P83284,1,0,0,0,0,0,0,0,0,0
E2GIN1,1,1,1,0,0,0,0,0,0,0
I3NI56,1,0,1,1,0,0,0,0,0,0
Q56VR3,1,1,1,1,1,1,0,0,0,1
P58907,1,0,1,0,0,0,0,0,0,0
D5G8D7,1,0,0,0,1,1,1,1,1,1
Q5JIZ3,1,1,0,0,0,1,1,1,1,0
A0A0A1HAN6,1,0,1,1,0,0,0,0,0,0
B4JMC1,0,0,0,0,1,0,0,0,0,1
W0TVU0,0,0,0,0,0,1,0,1,0,0
B4XY98,1,1,0,0,0,1,1,1,0,0
Q04616,1,1,0,0,0,1,1,0,1,0
P83663,0,0,0,0,1,1,0,0,0,1
P81182,1,0,0,0,1,1,0,1,0,1
Q8W4Z5,0,0,0,0,0,1,0,1,0,0
P86912,1,0,0,0,0,1,0,0,0,0
Q38003,1,0,1,1,0,0,0,0,0,0
C0HKB8,1,1,0,0,1,1,1,1,1,1
Q95195,0,0,0,0,1,0,0,0,0,1
Q8RQG8,1,1,0,0,0,0,0,0,0,0
A0A0F6SRJ0,1,0,0,0,0,0,0,0,0,0
B3EWY2,0,0,0,0,0,1,0,0,0,0
Q1QEU6,1,1,0,0,0,0,0,0,0,0
Q8RS40,1,1,1,0,0,1,1,1,1,0
O36972,1,0,1,1,0,0,0,0,0,0
Q92RV2,1,0,1,1,0,0,0,0,0,0
V6AMP2,1,1,0,0,0,1,0,1,0,0
C0KWV4,0,0,0,0,0,1,1,1,1,0
P86834,1,1,0,0,0,1,0,0,0,0
Q38087,1,1,0,0,0,0,0,0,0,0
P85102,1,0,0,0,0,1,0,0,0,0
A6XIG6,1,1,0,0,0,0,0,0,0,0
A0A026W182,1,0,0,0,0,1,0,0,0,0
O10693,1,0,1,1,0,0,0,0,0,0
Q9ZS28,1,0,1,1,0,0,0,0,0,0
Q44249,1,1,0,0,0,0,0,0,0,0
P86166,0,0,0,0,1,0,0,0,0,1
Q9KH15,1,0,1,1,0,1,0,0,0,0
Q9U6M1,1,1,1,0,1,1,1,1,1,1
P85024,1,0,0,0,1,1,0,0,0,1
Q06277,1,1,0,0,0,1,1,0,1,0
Q48899,0,0,0,0,1,0,0,0,0,1
P30021,1,0,1,1,1,0,0,0,0,1
Q71WH8,1,0,0,0,0,1,0,1,0,0
Q69422,1,0,1,0,1,1,0,0,0,0
Q13AY2,1,0,1,0,0,0,0,0,0,0
P83147,1,1,1,0,0,0,0,0,0,0
B9PW35,1,1,1,1,1,1,1,1,1,1
Q59I44,1,1,0,0,0,1,1,1,1,0
A0A0H2Z3A5,0,0,0,0,0,1,0,0,0,0
Q70KY3,1,1,1,0,1,1,1,1,1,1
P49303,0,0,0,0,0,1,0,0,0,0
C0HM53,1,1,0,0,1,1,1,1,1,1
P86093,0,0,0,0,1,1,0,0,0,1
A0A1S3APE5,1,0,1,1,0,0,0,0,0,0
Q764P5,1,0,0,0,1,1,0,1,0,1
P18591,1,0,1,1,0,1,0,1,0,0
Q9PZT1,1,1,0,0,1,1,1,1,1,1
P81800,1,1,0,0,0,1,1,1,1,0
U5H305,1,0,1,1,0,0,0,0,0,0
E6MVV9,1,1,0,0,0,0,0,0,0,0
Q93NW7,1,0,1,1,0,0,0,0,0,0
B3QHB6,0,0,0,0,1,0,0,0,0,1
A0PA16,1,0,1,1,0,1,0,0,0,0
D0B707,1,1,0,0,0,1,1,1,1,0
Q6IVU5,1,0,1,1,0,0,0,0,0,0
Q3V5W6,1,1,0,0,0,0,0,0,0,0
P86624,1,0,1,0,0,0,0,0,0,0
B7U6V1,0,0,0,0,0,1,1,1,1,0
Q2VST0,1,1,0,0,1,1,1,0,1,1
O61120,1,1,1,0,1,1,1,1,1,1
P03420,1,0,1,1,0,0,0,0,0,0
Q54305,1,1,0,0,0,0,0,0,0,0
A4KDP1,1,1,0,0,0,1,1,1,1,0
A0A1U7XAI2,0,0,0,0,0,1,0,0,0,0
B3EWX6,1,0,0,0,0,0,0,0,0,0
P0C6V1,1,1,0,0,0,1,1,0,1,0
Q8AY64,1,1,0,0,0,1,1,1,1,0
Q9FRV0,1,1,0,0,1,1,1,1,1,1
Q9ZX29,0,0,0,0,0,1,0,0,0,0
A0A098,1,0,1,1,0,0,0,0,0,0
O54329,0,0,0,0,1,1,0,0,0,1
Q05957,1,1,1,1,0,1,1,1,1,0
Q68985,1,0,1,1,0,0,0,0,0,0
A0A7U3TBV6,0,0,0,0,0,1,1,1,1,0
P29128,1,0,1,1,1,1,0,0,0,1
Q8WQZ3,0,0,0,0,0,1,0,0,0,0
O52237,0,0,0,0,0,1,0,0,0,0
E9FR69,1,1,1,0,0,0,0,0,0,0
D3KYU3,1,1,0,0,0,1,1,1,1,0
Q6UD65,1,0,1,1,0,0,0,0,0,0
Q8U1R4,1,0,1,1,0,0,0,0,0,0
V9M398,1,1,0,0,1,1,1,1,1,1
P14340,1,0,1,1,0,0,0,0,0,0
P35839,1,0,0,0,0,0,0,0,0,0
A2SY66,1,1,0,0,0,1,1,0,1,0
A0A1W6JT72,0,0,0,0,0,1,0,0,0,0
Q75N34,1,1,1,1,0,1,0,1,0,0
P42259,1,0,1,1,0,0,0,0,0,0
P43649,0,0,0,0,1,0,0,0,0,1
F8V2V1,0,0,0,0,0,1,0,0,0,0
Q54363,1,1,0,0,0,0,0,0,0,0
Q8NK90,1,1,0,0,1,1,1,0,1,1
Q9UUY0,0,0,0,0,1,0,0,0,0,1
C5MRT8,1,1,0,0,0,1,1,0,1,0
Q6UPD4,1,0,1,1,0,0,0,0,0,0
A6WFI5,1,1,0,0,0,0,0,0,0,0
D1MI46,1,1,0,0,0,1,1,1,1,0
A0A343W969,1,1,0,0,0,1,1,1,1,0
L1J207,1,0,1,1,0,0,0,0,0,0
A0A1W6I187,0,0,0,0,1,0,0,0,0,0
P53028,1,0,1,0,1,0,0,0,0,1
P26168,0,0,0,0,0,1,1,1,1,0
Q70IY1,1,1,1,0,0,1,1,1,1,0
P30694,1,1,0,0,0,1,1,1,1,0
A1IKL2,1,0,1,0,1,0,0,0,0,1
Q9Y8A5,1,1,0,0,0,1,1,1,1,0
Q9PSN0,1,0,1,0,1,1,0,1,0,1
Q948Y1,1,1,0,0,1,1,1,0,1,1
A3MTK6,1,1,1,0,0,1,0,1,0,0
P04893,1,0,1,1,1,0,0,0,0,0
Q00924,1,1,0,0,0,0,0,0,0,0
Q9ZGH7,1,1,0,0,0,1,1,1,0,0
W6QAE7,1,1,0,0,0,1,1,1,1,0
Q9KJX5,1,1,0,0,1,1,1,1,0,1
Q6EH50,1,1,0,0,0,1,0,0,0,0
P86026,0,0,0,0,1,0,0,0,0,1
P70752,1,1,0,0,0,0,0,0,0,0
C6D9S0,1,1,1,0,0,1,1,0,1,0
P69730,1,0,1,1,0,0,0,0,0,0
Q4JCJ1,1,1,1,0,0,1,1,1,1,0
Q9FZR9,1,1,0,0,0,0,0,0,0,0
B0SR19,1,0,1,1,1,1,0,1,0,1
Q6E3K9,0,0,0,0,1,1,0,0,0,1
Q0A456,0,0,0,0,0,1,0,0,0,0
P86701,1,0,0,0,0,1,0,0,0,0
Q98XH7,1,0,0,0,0,0,0,0,0,0
Q46085,1,1,1,0,1,1,1,0,0,1
P12506,1,0,1,0,0,1,0,0,0,0
Q83XK4,1,0,1,1,0,0,0,0,0,0
O97366,1,1,1,0,1,1,1,0,1,1
B0BK71,1,1,1,0,0,1,1,1,1,0
Q17SB3,1,1,0,0,1,1,0,0,0,1
Q83XN4,1,0,1,1,0,0,0,0,0,0
Q9L4Q3,1,1,0,0,0,0,0,0,0,0
O18473,1,0,1,1,0,0,0,0,0,0
P86736,0,0,0,0,1,0,0,0,0,1
Q8QW27,1,0,1,1,0,0,0,0,0,0
G4V4T5,1,1,0,0,0,0,0,0,0,0
A1A278,1,1,1,0,0,1,1,1,1,0
Q757M9,1,0,1,1,0,0,0,0,0,0
E7CIP7,1,1,0,0,1,1,1,0,1,1
Q00869,1,1,0,0,0,1,1,1,1,0
Q6VAA6,1,1,0,0,0,0,0,0,0,0
Q03489,1,0,1,1,0,0,0,0,0,0
P20893,1,0,1,0,0,0,0,0,0,0
P19712,1,1,1,1,1,1,1,1,1,1
Q9ZSK5,1,1,0,0,0,1,1,1,1,0
Q0VNY2,1,0,1,1,0,0,0,0,0,0
Q59533,1,1,0,0,0,0,0,0,0,0
C0HK69,1,0,0,0,1,0,0,0,0,1
Q32GM0,0,0,0,0,1,0,0,0,0,1
O55245,1,0,1,1,1,1,0,0,0,1
Q05906,1,0,1,1,1,0,0,0,0,1
Q56403,1,0,1,1,0,0,0,0,0,0
A5JSW4,0,0,0,0,0,1,0,1,0,0
A0A088FLK9,0,0,0,0,0,1,0,1,0,0
P84812,0,0,0,0,0,1,1,1,0,0
B7FZ64,1,1,0,0,0,0,0,0,0,0
Q5TWR9,0,0,0,0,1,1,0,0,0,1
Q39649,1,0,0,0,1,0,0,0,0,1
Q43415,1,1,0,0,1,1,1,1,1,1
P03610,1,0,1,0,0,1,0,0,0,0
B3EWG7,1,1,0,0,0,0,0,0,0,0
A0A068BIF1,1,1,0,0,0,1,1,0,1,0
E9DVV4,1,0,1,1,0,0,0,0,0,0
P83059,0,0,0,0,1,1,0,0,0,1
C1KKL7,1,0,1,1,0,0,0,0,0,0
B4EMD1,1,0,1,1,0,0,0,0,0,0
Q500P4,0,0,0,0,0,1,0,0,0,0
C7M4X6,0,0,0,0,0,1,0,1,0,0
Q9RC23,1,1,0,0,0,1,1,1,0,0
C0HLN4,1,0,0,0,1,0,0,0,0,1
Q0QJI1,0,0,0,0,1,0,0,0,0,1
H9NAL3,1,1,0,0,0,0,0,0,0,0
A2T3S5,1,1,0,0,0,1,1,1,1,0
C0HLM3,1,0,0,0,1,0,0,0,0,1
P00655,1,1,0,0,0,1,1,1,1,0
E7CG23,1,1,0,0,0,0,0,0,0,0
Q86QI5,0,0,0,0,1,1,0,0,0,1
Q24K59,1,1,0,0,0,1,1,1,1,0
Q6UY62,1,0,1,1,0,0,0,0,0,0
L0C9D3,1,1,0,0,0,0,0,0,0,0
Q5C8U4,0,0,0,0,0,1,0,0,0,0
P85974,1,1,0,0,1,1,1,0,1,1
P42088,1,0,1,0,0,0,0,0,0,0
Q9GRC0,1,1,0,0,0,1,0,1,0,0
Q4U3C0,1,0,1,1,0,0,0,0,0,0
B9HRL7,1,1,0,0,0,1,1,1,1,0
P20626,1,1,0,0,1,1,1,1,1,1
A0A224AM54,1,1,0,0,0,0,0,0,0,0
P69658,1,0,0,0,0,1,0,0,0,0
A8E261,1,1,0,0,0,0,0,0,0,0
F0E1K6,0,0,0,0,0,1,1,1,1,0
Q44245,1,1,0,0,0,1,0,0,0,0
P29549,1,0,1,1,1,1,1,1,1,1
P82858,1,1,0,0,0,1,1,1,1,0
U6DU97,1,1,0,0,0,0,0,0,0,0
Q98298,0,0,0,0,0,1,0,0,0,0
Q40963,1,1,0,0,0,0,0,0,0,0
J9PBR3,1,0,1,0,0,0,0,0,0,0
Q704D2,1,1,0,0,0,1,1,0,1,0
O57299,0,0,0,0,0,1,0,0,0,0
P06464,1,0,1,1,0,0,0,0,0,0
P0DPS5,0,0,0,0,1,0,0,0,0,1
U3JD03,1,0,1,1,0,0,0,0,0,0
P84645,0,0,0,0,0,1,0,0,0,0
P0A371,1,0,1,1,0,0,0,0,0,0
P40149,1,1,1,1,0,1,1,1,1,0
Q59931,1,1,0,0,0,0,0,0,0,0
O93963,0,0,0,0,0,1,1,1,1,0
A0A6B9WHD3,1,0,1,1,0,0,0,0,0,0
Q8G6Z9,1,1,0,0,0,1,1,0,1,0
Q8SWI4,0,0,0,0,1,0,0,0,0,1
E4PMA5,1,1,0,0,0,1,1,1,1,0
I1S9X9,1,0,0,0,1,1,1,1,0,1
C5H5C9,1,0,1,1,0,0,0,0,0,0
Q5AU12,0,0,0,0,1,0,0,0,0,1
A6ZMQ6,0,0,0,0,1,0,0,0,0,1
A0A0M3KKZ0,1,1,0,0,0,0,0,0,0,0
A0A067XMV4,1,1,0,0,0,1,1,0,0,0
C0QM06,1,1,0,0,0,1,1,0,1,0
A9RVK2,0,0,0,0,0,1,0,0,0,0
Q3S3D7,1,0,0,0,0,1,0,1,0,0
P22873,1,1,0,0,0,1,1,1,1,0
P0C045,1,0,1,1,1,1,0,0,0,1
Q1ZJW2,1,0,1,1,0,0,0,0,0,0
C7PLM6,1,1,0,0,0,0,0,0,0,0
Q80IX5,1,0,1,1,0,0,0,0,0,0
C0HLV6,1,1,0,0,0,0,0,0,0,0
Q5FQD2,1,1,0,0,0,0,0,0,0,0
Q32ZE1,1,0,1,1,0,0,0,0,0,0
P69713,1,0,1,1,0,0,0,0,0,0
A7BHQ9,1,1,1,0,0,0,0,0,0,0
A0A2H5DV25,1,1,0,0,0,0,0,0,0,0
E7BQV0,0,0,0,0,0,1,0,0,0,0
A7TZU4,0,0,0,0,1,0,0,0,0,1
P29990,1,0,1,0,0,0,0,0,0,0
A4W7D6,1,0,1,0,0,0,0,0,0,0
L0PJV8,1,0,1,1,1,1,0,0,0,1
A8AWB2,1,0,1,0,1,1,0,0,0,0
P02213,1,0,1,1,0,0,0,0,0,0
Q9P403,0,0,0,0,1,0,0,0,0,1
Q3V4R7,1,0,1,1,0,1,0,0,0,0
G9M9M3,1,1,0,0,0,1,1,1,1,0
A5HMF9,0,0,0,0,0,1,0,0,0,0
A0A0H2X3K2,1,0,1,1,0,0,0,0,0,0
A4XF23,1,1,1,0,0,1,1,0,1,0
Q601D1,1,0,1,1,0,0,0,0,0,0
P55132,1,1,1,1,0,1,1,1,0,0
A1KXI1,0,0,0,0,1,0,0,0,0,1
A4X3Q0,1,1,0,0,0,0,0,0,0,0
P0CB14,1,1,0,0,0,1,0,0,0,0
P48057,1,0,0,0,1,1,0,1,0,1
A0A0S0FTT9,1,1,0,0,0,1,1,1,1,0
Q3M5Z3,1,1,0,0,0,1,1,1,1,0
A0A3G2LGI8,1,0,1,1,0,0,0,0,0,0
P84797,0,0,0,0,0,1,0,0,0,0
T2G899,1,0,1,1,1,1,1,1,0,1
Q4FQB7,1,1,0,0,0,0,0,0,0,0
E9M5R0,1,0,1,1,0,0,0,0,0,0
Q6V4L1,1,0,1,1,0,0,0,0,0,0
P84713,1,0,0,0,1,1,0,0,0,1
B7J5X1,1,0,1,0,0,0,0,0,0,0
P0DPC2,1,0,0,0,0,0,0,0,0,0
Q8T940,1,0,0,0,1,1,0,0,0,1
P69130,0,0,0,0,0,1,0,0,0,0
P06492,1,0,1,1,1,1,0,1,0,0
Q18DC9,1,1,0,0,1,1,1,0,1,1
Q29GB8,0,0,0,0,1,0,0,0,0,1
P86363,0,0,0,0,0,1,0,0,0,0
P69738,0,0,0,0,0,1,0,0,0,0
Q03AX7,1,0,1,0,1,1,0,0,0,0
P03305,1,1,0,0,1,1,1,0,1,1
P84736,1,1,0,0,1,0,0,0,0,1
A6GWM2,1,1,0,0,0,1,1,1,1,0
E7FKV8,1,0,1,1,1,1,0,0,0,1
H0Z867,0,0,0,0,1,0,0,0,0,1
B7NGZ6,1,1,0,0,0,1,1,1,1,0
P07566,1,0,1,1,0,0,0,0,0,0
Q6F4C6,1,0,1,0,0,0,0,0,0,0
D7URV0,1,1,0,0,0,1,1,1,1,0
Q9PY83,0,0,0,0,1,0,0,0,0,1
P19972,1,0,0,0,1,1,0,1,0,1
P86913,0,0,0,0,1,0,0,0,0,1
E8PQ06,1,1,0,0,0,0,0,0,0,0
Q3IHD2,1,0,1,1,0,0,0,0,0,0
Q08636,1,0,1,1,0,0,0,0,0,0
Q09LY5,1,1,0,0,0,1,1,1,1,0
C0HJT5,0,0,0,0,0,1,0,0,0,0
Q5V676,1,1,0,0,0,0,0,0,0,0
P82242,1,0,1,0,0,0,0,0,0,0
D5JBW9,1,1,0,0,0,1,1,1,1,0
Q08IS0,1,1,1,1,1,1,1,1,0,1
Q72XQ0,1,0,1,1,0,0,0,0,0,0
Q91F56,1,0,1,1,0,0,0,0,0,0
O69685,0,0,0,0,1,0,0,0,0,1
P83692,1,1,1,0,0,1,1,1,1,0
Q20KN1,1,0,1,1,0,0,0,0,0,0
P82972,1,0,1,1,1,1,0,0,0,1
P18045,1,0,1,1,0,0,0,0,0,0
Q82122,1,1,0,0,0,1,1,1,1,0
B4WP19,0,0,0,0,0,1,1,1,1,0
P03591,1,0,1,1,0,0,0,0,0,0
Q6TNA5,1,1,0,0,0,1,0,0,0,0
Q8PUQ3,1,1,0,0,0,0,0,0,0,0
Q2YIQ1,1,1,0,0,0,1,1,1,0,0
M4TB00,1,1,0,0,0,0,0,0,0,0
A8VZX9,1,0,1,1,0,0,0,0,0,0
P0DJJ6,1,1,1,0,1,0,0,0,0,1
Q8F663,1,0,1,0,1,0,0,0,0,0
Q4QNP6,0,0,0,0,0,1,0,0,0,0
B2ZA87,1,1,0,0,0,0,0,0,0,0
P0A3K4,1,0,1,0,1,0,0,0,0,1
D3VML5,0,0,0,0,1,1,0,0,0,1
Q49610,1,1,0,0,0,0,0,0,0,0
Q6R7M4,1,1,0,0,0,1,1,1,1,0
B8X8Z0,1,1,1,1,0,1,0,1,0,0
O68391,1,1,0,0,0,0,0,0,0,0
I0J0E7,0,0,0,0,1,1,0,1,0,1
F6SWN3,1,0,1,1,0,0,0,0,0,0
P19811,1,0,1,1,0,0,0,0,0,0
A0A2H3HA93,1,1,1,1,0,1,0,0,0,0
P36292,1,0,1,1,1,0,0,0,0,1
P27312,1,0,1,0,0,0,0,0,0,0
C0HL98,0,0,0,0,1,1,0,0,0,1
A9KT32,1,1,0,0,0,0,0,0,0,0
P83585,1,1,0,0,1,1,1,0,1,1
U3LVL5,1,1,0,0,0,1,1,1,1,0
Q9JN89,1,0,1,1,0,0,0,0,0,0
O44126,1,0,1,1,0,1,0,0,0,0
P19214,0,0,0,0,1,0,0,0,0,1
Q9QPN3,1,0,1,1,0,0,0,0,0,0
P81508,1,0,1,1,1,1,0,0,0,1
Q9XHE8,1,1,0,0,1,0,0,0,0,1
C1I201,1,1,0,0,0,1,1,1,0,0
Q90WP7,0,0,0,0,1,1,0,0,0,1
Q53B58,1,0,0,0,1,1,0,0,0,1
T0JRM4,1,1,0,0,0,1,1,1,1,0
P11213,0,0,0,0,0,1,1,1,1,0
Q09057,1,0,1,1,0,0,0,0,0,0
B3MRS1,0,0,0,0,1,0,0,0,0,1
P29996,0,0,0,0,0,1,0,0,0,0
A0A0K6FU48,1,0,1,0,1,1,0,0,0,1
P84810,0,0,0,0,1,1,0,0,0,1
Q877G8,1,0,1,1,0,0,0,0,0,0
Q84KK6,1,1,0,0,0,1,1,1,1,0
B9W7H6,0,0,0,0,1,0,0,0,0,1
G3C9P1,1,0,1,1,0,0,0,0,0,0
A0A482AR57,0,0,0,0,1,1,0,0,0,1
Q6TVJ4,1,0,1,1,0,0,0,0,0,0
P26664,1,0,1,1,0,0,0,0,0,0
P0DOF0,0,0,0,0,1,1,0,0,0,1
A0A067YMX8,1,1,0,0,0,1,1,1,1,0
P07581,0,0,0,0,1,0,0,0,0,1
D1A7C3,1,1,1,0,0,1,1,0,1,0
C7E599,1,0,1,1,0,0,0,0,0,0
M1VMF7,1,1,1,0,0,1,1,0,1,0
A0A411H509,1,0,1,1,0,0,0,0,0,0
Q1AWQ0,1,1,0,0,0,0,0,0,0,0
A3CWV0,1,0,1,1,0,0,0,0,0,0
A4FG19,0,0,0,0,0,1,1,1,1,0
A0A217EJJ0,0,0,0,0,0,1,0,0,0,0
P86483,0,0,0,0,1,1,0,0,0,1
B1P0S1,1,0,1,1,0,0,0,0,0,0
D1J6P8,1,0,1,1,0,0,0,0,0,0
Q8UZC1,1,0,1,1,0,0,0,0,0,0
Q072L5,0,0,0,0,1,1,0,0,0,1
P54293,1,0,1,1,0,0,0,0,0,0
P0DPA8,0,0,0,0,0,1,1,1,1,0
Q5CPU3,1,1,0,0,1,1,1,0,1,1
C0HLR9,1,0,1,0,0,0,0,0,0,0
P69547,0,0,0,0,0,1,1,1,1,0
D2W6T1,1,1,1,0,0,0,0,0,0,0
Q7BQ99,1,0,1,1,0,0,0,0,0,0
D2BRN2,1,0,1,0,1,0,0,0,0,0
E2E2N4,0,0,0,0,0,1,0,0,0,0
P86915,0,0,0,0,1,0,0,0,0,1
P22173,0,0,0,0,0,1,0,0,0,0
D2CGS0,0,0,0,0,0,1,1,1,1,0
Q66677,1,0,1,1,1,1,0,0,0,1
D7REY3,1,1,0,0,0,0,0,0,0,0
A0A5P2U9X4,1,0,1,1,1,0,0,0,0,1
A0A191T6Q6,1,1,0,0,0,1,0,0,0,0
A0A0U3BRC5,1,1,0,0,1,1,1,1,1,1
F6RG56,1,0,1,1,1,1,0,1,0,1
L7TUW7,0,0,0,0,0,1,0,0,0,0
Q66YX3,0,0,0,0,1,0,0,0,0,1
E2DHI3,1,0,1,1,0,0,0,0,0,0
Q89894,0,0,0,0,0,1,0,0,0,0
Q4VW77,1,0,1,1,1,1,0,0,0,1
D9IX97,0,0,0,0,0,1,0,0,0,0
P17462,0,0,0,0,1,0,0,0,0,0
A0A0B5LB52,1,1,0,0,1,1,1,1,1,1
P16153,1,0,0,0,1,1,0,0,0,1
F8SVM6,1,1,0,0,0,0,0,0,0,0
B2J4E5,1,1,0,0,0,1,1,0,1,0
A0A023I7E1,1,1,0,0,0,1,1,0,1,0
D2CVN7,1,0,1,1,1,1,1,1,1,1
Q8WZM3,1,1,0,0,0,1,1,1,1,0
P20639,1,0,1,1,0,0,0,0,0,0
A0A0M4KE44,1,1,0,0,0,0,0,0,0,0
P50804,1,0,1,1,0,0,0,0,0,0
P16946,1,0,1,1,0,0,0,0,0,0
P0CH43,1,0,1,1,0,0,0,0,0,0
A0A0L0V3D9,1,0,1,1,1,1,0,0,0,1
O70632,1,0,1,1,0,0,0,0,0,0
Q05JY7,1,1,0,0,1,1,1,0,1,1
O42721,1,0,1,0,1,1,0,1,0,1
P25020,1,0,1,1,0,0,0,0,0,0
U6A492,0,0,0,0,0,1,0,0,0,0
D0AB41,1,0,1,1,0,0,0,0,0,0
A0A075TRL0,0,0,0,0,1,1,1,1,1,1
P83321,0,0,0,0,0,1,0,1,0,0
P0CC11,0,0,0,0,1,0,0,0,0,1
C6YCI2,0,0,0,0,0,1,0,0,0,0
P84462,0,0,0,0,1,0,0,0,0,1
Q30PM2,1,1,1,0,0,1,1,0,1,0
A3FMG9,1,0,0,0,0,1,0,0,0,0
O31266,1,1,0,0,0,1,1,1,0,0
B2ZRS9,1,0,1,1,0,0,0,0,0,0
P83886,1,0,1,1,0,1,0,1,0,0
P86170,0,0,0,0,1,0,0,0,0,1
E0SLG0,0,0,0,0,0,1,1,0,1,0
Q877H2,1,0,1,1,0,0,0,0,0,0
B9VRJ2,0,0,0,0,1,0,0,0,0,1
P03169,1,0,1,1,0,1,0,0,0,0
O52646,1,1,0,0,0,1,1,1,1,0
Q05H60,1,0,1,1,0,0,0,0,0,0
A0A443HK11,0,0,0,0,0,1,1,1,1,0
W7LL82,0,0,0,0,0,1,1,1,1,0
O15726,1,1,0,0,0,0,0,0,0,0
Q9TU32,1,0,1,1,0,0,0,0,0,0
P11909,0,0,0,0,1,0,0,0,0,1
Q8GH87,1,0,1,1,0,0,0,0,0,0
Q800Y1,0,0,0,0,1,1,0,0,0,1
P86973,0,0,0,0,0,1,0,1,0,0
C0HLZ2,0,0,0,0,1,0,0,0,0,1
Q65967,1,0,1,1,0,0,0,0,0,0
G8XHD7,1,1,0,0,0,1,1,1,1,0
P03406,1,0,1,1,0,1,0,0,0,0
A0A1L2D3T3,1,1,0,0,0,1,1,1,1,0
A0A0U3C228,1,1,0,0,0,1,1,0,0,0
P82141,0,0,0,0,1,0,0,0,0,1
R0MLT0,1,0,1,1,1,0,0,0,0,1
P25014,0,0,0,0,1,0,0,0,0,1
C8ZZN2,1,0,1,0,0,0,0,0,0,0
Q2LIJ5,0,0,0,0,1,0,0,0,0,1
P56923,0,0,0,0,1,0,0,0,0,1
P30927,1,0,1,1,0,0,0,0,0,0
P04611,1,0,1,0,0,1,0,0,0,0
Q69028,1,1,0,0,0,0,0,0,0,0
Q7VLE8,1,0,1,1,0,0,0,0,0,0
P0DO26,0,0,0,0,0,1,0,0,0,0
P81180,1,0,1,0,0,1,0,0,0,0
A7BJ35,1,1,0,0,0,0,0,0,0,0
D5IGG0,0,0,0,0,0,1,1,1,1,0
A9LIW2,0,0,0,0,1,0,0,0,0,1
Q8KY51,1,0,1,1,0,0,0,0,0,0
T1RRR9,1,1,0,0,0,1,1,1,1,0
Q9FV68,1,1,0,0,0,1,1,1,1,0
P42494,1,1,0,0,0,0,0,0,0,0
S5TDC0,0,0,0,0,0,1,0,0,0,0
A7HD43,1,1,1,1,0,1,1,1,1,0
Q9NB22,0,0,0,0,0,1,1,1,1,0
P10271,1,1,0,0,0,0,0,0,0,0
Q4F867,1,1,1,1,1,1,0,0,0,1
I7H727,1,1,0,0,0,1,1,1,1,0
D9TT09,1,1,0,0,0,0,0,0,0,0
Q8V9P2,1,0,1,0,1,0,0,0,0,0
C0HK81,1,0,1,0,0,0,0,0,0,0
Q8KQL2,1,1,1,0,0,1,1,1,1,0
Q5HV33,0,0,0,0,0,1,0,0,0,0
P86491,1,1,0,0,0,1,1,1,0,0
S0HPF7,1,0,1,0,1,1,0,1,0,1
Q7Y3F3,1,0,1,1,0,0,0,0,0,0
Q0FPQ4,1,1,1,0,0,0,0,0,0,0
A9WGE2,1,1,0,0,0,1,1,1,1,0
P13559,1,1,0,0,1,1,0,1,0,0
Q914J4,1,0,1,0,1,0,0,0,0,0
O93077,1,0,1,1,0,0,0,0,0,0
P88958,1,0,1,1,0,0,0,0,0,0
C0HLK3,1,0,0,0,1,1,0,0,0,1
C0SJS2,0,0,0,0,0,1,1,1,1,0
A9A1T2,1,1,1,0,0,1,1,1,1,0
Q5EP34,1,0,1,1,0,0,0,0,0,0
D6QUQ2,0,0,0,0,1,1,0,0,0,1
A0N0F0,0,0,0,0,0,1,0,0,0,0
C0HLX7,1,0,1,1,0,1,0,1,0,0
Q9XYT4,1,0,1,0,1,1,0,0,0,1
O64332,1,0,1,0,0,0,0,0,0,0
P60514,1,0,1,1,0,0,0,0,0,0
P21530,1,0,1,1,1,1,0,0,0,1
P16275,0,0,0,0,1,0,0,0,0,1
C0HK25,1,0,1,0,0,1,0,0,0,0
Q03RR4,1,1,0,0,0,1,1,1,1,0
Q29W25,0,0,0,0,1,0,0,0,0,1
Q15JG7,1,1,1,0,0,0,0,0,0,0
H6U1I8,1,1,0,0,1,1,1,1,1,1
A0A250YGJ5,1,1,0,0,0,1,0,0,0,0
B0BXR4,1,0,1,1,0,0,0,0,0,0
P14350,1,0,1,1,0,0,0,0,0,0
P0C5U5,1,0,1,1,0,0,0,0,0,0
B9KDD4,1,1,1,0,0,1,1,1,1,0
A0A068MVV3,1,0,0,0,0,0,0,0,0,0
A0A1C7D1B7,1,0,1,0,0,1,1,1,1,0
Q8T5G8,1,1,0,0,0,1,0,0,0,0
A0A445AGS0,0,0,0,0,1,1,0,0,0,1
Q6QCN0,1,0,1,1,0,0,0,0,0,0
A9VAD3,1,0,1,1,0,0,0,0,0,0
P04326,1,0,1,1,0,0,0,0,0,0
P04122,1,0,1,1,0,0,0,0,0,0
P84782,1,0,0,0,0,1,0,0,0,0
A0QJI1,1,0,1,0,0,0,0,0,0,0
A0A140NBY9,1,0,1,0,0,0,0,0,0,0
P83056,0,0,0,0,1,1,0,0,0,1
Q9X180,1,0,1,1,0,0,0,0,0,0
Q1JUQ0,1,1,1,1,0,1,1,1,1,0
G0HV10,0,0,0,0,1,0,0,0,0,1
P0C6V6,0,0,0,0,1,1,0,0,0,1
I7GQA7,0,0,0,0,1,0,0,0,0,1
A0A0B8RZS0,1,1,1,1,0,1,0,0,0,0
Q703W7,1,1,1,1,0,1,1,0,1,0
A0A087I6S4,1,0,1,0,1,0,0,0,0,0
Q48796,1,1,1,0,0,1,1,1,0,0
C0HK27,1,0,1,0,0,0,0,0,0,0
Q99036,1,1,1,0,0,1,1,1,1,0
Q73GA4,1,1,0,0,0,0,0,0,0,0
P84795,1,0,0,0,0,1,0,0,0,0
B2KNH9,1,0,1,0,0,1,0,0,0,0
Q39Q67,1,1,0,0,0,0,0,0,0,0
P0DO55,1,1,1,1,1,1,1,1,1,1
Q3BJY7,0,0,0,0,1,0,0,0,0,1
Q8MMZ7,1,1,1,0,1,1,1,1,1,1
E3PZS2,1,1,0,0,0,1,1,1,1,0
P03533,0,0,0,0,0,1,0,0,0,0
P0C6Y5,1,0,1,1,0,0,0,0,0,0
E3VWI7,1,1,1,0,0,1,1,1,1,0
Q39532,1,0,1,1,0,0,0,0,0,0
Q04569,1,0,1,1,0,0,0,0,0,0
G0FS68,1,1,0,0,0,1,1,1,0,0
P18891,1,0,1,1,0,1,0,0,0,0
Q939X3,1,1,0,0,0,0,0,0,0,0
J3BZS6,1,1,0,0,0,0,0,0,0,0
P84997,1,0,1,0,0,1,0,0,0,0
A7MNC6,0,0,0,0,0,1,0,1,0,0
Q9UWR6,1,1,0,0,0,0,0,0,0,0
B2ZAB3,1,1,0,0,0,0,0,0,0,0
O68601,1,0,1,1,0,0,0,0,0,0
J9V8B5,1,0,1,0,0,0,0,0,0,0
K7NBW3,1,1,0,0,0,0,0,0,0,0
Q749L1,1,1,0,0,0,1,1,1,0,0
P06437,1,0,1,1,0,0,0,0,0,0
P83370,1,1,0,0,1,0,0,0,0,1
A0A0E2LMN8,0,0,0,0,0,1,0,1,0,0
Q9FPK5,1,1,1,1,0,1,1,1,1,0
A0A0F6B2Q9,0,0,0,0,0,1,0,0,0,0
S2QWF9,1,1,0,0,0,0,0,0,0,0
Q66793,1,0,1,1,0,0,0,0,0,0
P0DN71,1,1,1,0,0,0,0,0,0,0
A0A173GP47,1,1,0,0,0,0,0,0,0,0
P85101,1,1,0,0,0,1,0,0,0,0
M9YCR7,0,0,0,0,0,1,0,0,0,0
P85062,1,1,0,0,1,1,0,0,0,1
Q5SF94,1,0,1,1,1,1,0,0,0,1
A8E2V8,1,1,0,0,1,1,1,1,1,1
Q9E006,0,0,0,0,0,1,0,0,0,0
A0A0F6T2T1,1,1,0,0,0,0,0,0,0,0
P46116,1,1,1,1,0,0,0,0,0,0
Q899Y1,1,1,1,0,0,0,0,0,0,0
P84826,0,0,0,0,1,0,0,0,0,1
P82896,1,0,1,1,0,0,0,0,0,0
P83546,0,0,0,0,0,1,0,0,0,0
A3QFI1,1,1,0,0,0,0,0,0,0,0
F0TTD6,0,0,0,0,0,1,0,0,0,0
Q55217,1,1,0,0,0,1,1,1,1,0
Q8S3C0,1,1,0,0,0,1,1,1,1,0
Q6ED64,0,0,0,0,1,0,0,0,0,1
D5VB34,1,0,1,1,1,0,0,0,0,1
Q3J677,1,0,1,1,0,0,0,0,0,0
Q4W5W8,1,0,1,1,0,0,0,0,0,0
P85070,0,0,0,0,1,1,0,0,0,1
Q39659,1,1,0,0,0,1,1,1,1,0
A0A286QZ36,0,0,0,0,0,1,0,0,0,0
A1S3N8,1,0,1,1,0,0,0,0,0,0
Q91235,1,0,1,1,0,1,0,0,0,0
B3G3K1,1,0,0,0,1,1,0,1,0,1
Q8KNZ7,1,0,1,1,0,0,0,0,0,0
Q87AV4,0,0,0,0,0,1,0,1,0,0
Q5E5B9,1,1,0,0,1,0,0,0,0,1
B0Y813,1,0,0,0,0,0,0,0,0,0
P0DUB8,1,0,1,1,0,0,0,0,0,0
C0HLV1,1,0,0,0,0,1,0,0,0,0
P84884,0,0,0,0,0,1,0,0,0,0
A0A192EZE4,1,1,0,0,0,0,0,0,0,0
B2HIL6,1,1,0,0,0,1,1,1,1,0
Q48JD2,1,0,0,0,0,1,0,0,0,0
M4GGR6,1,1,0,0,0,0,0,0,0,0
Q8I7Z2,0,0,0,0,0,1,0,0,0,0
Q93Q04,1,0,1,1,0,0,0,0,0,0
A1T557,1,0,1,1,0,0,0,0,0,0
Q8HA43,1,1,0,0,0,0,0,0,0,0
Q8AY96,0,0,0,0,1,1,0,0,0,1
P14990,0,0,0,0,0,1,1,1,1,0
Q856K7,1,0,1,0,0,0,0,0,0,0
P0C0N0,1,1,1,1,0,0,0,0,0,0
Q8DPV9,1,1,0,0,0,1,1,1,1,0
Q9DHW0,1,0,1,1,0,0,0,0,0,0
Q95V77,1,0,1,1,0,1,0,0,0,0
B6F0W8,1,1,0,0,0,1,1,1,0,0
C0HKX4,0,0,0,0,1,1,0,0,0,1
C1F6L3,0,0,0,0,0,1,0,1,0,0
B3CTB0,1,0,1,1,0,0,0,0,0,0
Q7JQD3,1,0,1,1,0,1,0,1,0,0
P83706,0,0,0,0,1,1,0,0,0,1
P27713,0,0,0,0,0,1,0,0,0,0
Q9GSF8,1,0,1,0,1,1,0,1,0,1
B1Q2A8,0,0,0,0,0,1,1,1,1,0
A9CSE6,0,0,0,0,0,1,0,0,0,0
O87896,0,0,0,0,0,1,1,1,0,0
C0HKX8,0,0,0,0,1,1,0,0,0,1
P86781,0,0,0,0,0,1,0,0,0,0
O12369,1,0,1,1,0,0,0,0,0,0
A0A0H2ZKY7,1,0,1,1,0,1,0,1,0,0
D9MPF2,1,1,0,0,0,0,0,0,0,0
C7Z7K1,1,0,1,1,0,0,0,0,0,0
P03139,1,0,1,1,0,0,0,0,0,0
A0A120HUS7,1,1,0,0,0,1,1,1,1,0
Q4R0J7,1,1,0,0,0,0,0,0,0,0
P0C6X1,1,0,1,1,0,0,0,0,0,0
P83443,1,1,0,0,0,1,1,0,1,0
Q52060,1,1,1,1,0,1,1,1,0,0
Q7X3G5,1,1,0,0,0,1,1,1,1,0
B4NDL8,0,0,0,0,1,0,0,0,0,1
Q45976,1,0,1,1,0,0,0,0,0,0
Q0VZ68,1,1,0,0,0,1,1,1,0,0
Q15BH7,0,0,0,0,0,1,0,0,0,0
P84195,1,1,0,0,1,1,1,1,1,1
E9RH15,0,0,0,0,0,1,1,1,0,0
O50078,1,1,1,0,0,1,1,1,1,0
Q939U1,1,1,1,1,1,1,1,1,0,1
P08563,1,0,1,1,0,0,0,0,0,0
Q9KJ20,1,1,0,0,0,1,1,1,1,0
Q52008,1,1,0,0,0,1,1,1,1,0
Q9KID9,1,1,0,0,0,0,0,0,0,0
G0RZX9,1,0,1,1,0,0,0,0,0,0
Q25077,0,0,0,0,1,0,0,0,0,1
A7GBG3,1,0,1,1,0,0,0,0,0,0
Q9HNE6,0,0,0,0,0,1,1,1,1,0
D5WYQ5,1,1,0,0,0,0,0,0,0,0
G8HXD9,1,0,0,0,0,0,0,0,0,0
Q9MCS4,0,0,0,0,0,1,0,0,0,0
J7T0S1,0,0,0,0,1,0,0,0,0,1
Q7Y5N4,0,0,0,0,0,1,0,0,0,0
B3XPQ7,1,1,0,0,0,0,0,0,0,0
P81786,1,1,1,0,0,1,1,0,1,0
Q2JDA6,0,0,0,0,0,1,0,1,0,0
T1RRL8,1,1,0,0,0,1,1,1,1,0
Q2F6P2,0,0,0,0,1,0,0,0,0,1
Q3T905,1,1,1,0,0,1,1,0,1,0
Q4PNI0,1,1,0,0,0,1,1,1,1,0
O87872,1,1,0,0,0,1,1,1,1,0
Q72B00,1,0,1,1,0,0,0,0,0,0
Q976W8,1,0,1,1,0,0,0,0,0,0
A4AQI7,1,1,1,0,0,1,1,0,1,0
P32923,1,0,1,1,0,0,0,0,0,0
Q5SF93,1,0,1,1,1,1,0,0,0,1
C6FX52,1,0,1,0,0,1,0,0,0,0
P18314,1,0,1,1,0,0,0,0,0,0
D0R7H8,0,0,0,0,0,1,0,1,0,0
A0A6M6R9M4,0,0,0,0,1,0,0,0,0,1
P0A3E5,1,0,1,0,1,1,0,0,0,0
A0A1R3S3A8,0,0,0,0,1,0,0,0,0,1
Q55032,0,0,0,0,1,0,0,0,0,1
Q59WG3,0,0,0,0,1,0,0,0,0,1
Q9PW35,1,1,1,0,1,1,0,0,0,1
E7CLP2,1,0,0,0,1,1,0,0,0,1
Q0PBF4,1,0,1,0,1,1,0,0,0,0
H6QM85,1,0,1,1,0,0,0,0,0,0
Q9J546,1,1,0,0,0,0,0,0,0,0
Q8JJT9,0,0,0,0,0,1,1,1,1,0
Q06100,1,0,1,0,1,0,0,0,0,1
P23890,1,0,1,1,1,1,0,0,0,1
L7I518,0,0,0,0,0,1,1,1,1,0
A6BL27,1,1,0,0,0,0,0,0,0,0
A0MD28,0,0,0,0,0,1,0,0,0,0
C3RT18,0,0,0,0,1,1,0,1,0,1
P09592,0,0,0,0,0,1,0,0,0,0
Q1HVC7,1,0,1,1,0,1,0,0,0,0
P04936,0,0,0,0,0,1,0,0,0,0
P13529,1,0,1,1,1,0,0,0,0,1
P05460,0,0,0,0,0,1,0,0,0,0
Q8J2N2,1,1,0,0,0,0,0,0,0,0
C0HLM1,1,0,0,0,1,1,0,0,0,1
D0ENL5,1,1,0,0,0,0,0,0,0,0
Q7TVI1,0,0,0,0,0,1,0,0,0,0
A0A0C5CJR8,1,1,0,0,1,1,1,0,1,1
Q01972,1,1,0,0,1,1,0,0,0,1
A0A0K1SC59,1,1,0,0,0,0,0,0,0,0
P86928,1,0,1,0,1,0,0,0,0,1
P95357,0,0,0,0,0,1,0,1,0,0
B4L7U0,0,0,0,0,1,0,0,0,0,1
F1CKI6,1,1,0,0,0,1,1,1,1,0
R9RWQ9,0,0,0,0,0,1,0,0,0,0
F2YI08,0,0,0,0,1,0,0,0,0,1
B8ZV94,1,1,0,0,0,1,1,1,0,0
Q4ZHV6,1,0,1,1,0,0,0,0,0,0
Q858F5,1,1,0,0,1,1,0,0,0,0
B6DMH6,1,0,1,1,0,0,0,0,0,0
P81294,1,1,0,0,0,1,1,0,1,0
P56568,1,1,0,0,0,1,0,0,0,0
D7UNT2,1,1,1,0,1,1,1,1,1,1
P95544,1,1,0,0,0,1,1,1,1,0
G0Z414,0,0,0,0,1,0,0,0,0,1
P86681,1,0,0,0,0,1,0,0,0,0
Q5FJG8,1,1,0,0,0,1,1,1,1,0
Q68G84,1,1,0,0,0,1,1,1,1,0
P84870,1,0,1,0,0,0,0,0,0,0
F5HGI6,0,0,0,0,1,0,0,0,0,1
Q9F837,1,1,0,0,0,1,1,1,1,0
P86123,0,0,0,0,1,1,0,0,0,1
A0A482N9V7,0,0,0,0,0,1,1,1,1,0
Q8P3F8,1,1,1,1,0,0,0,0,0,0
P31008,1,0,0,0,0,1,0,0,0,0
Q663I4,0,0,0,0,0,1,0,0,0,0
Q82005,0,0,0,0,1,0,0,0,0,1
P85870,0,0,0,0,1,1,0,0,0,1
Q86LE4,0,0,0,0,1,0,0,0,0,1
Q8MU95,1,0,1,0,1,1,0,1,0,1
A3PLJ2,0,0,0,0,0,1,0,1,0,0
Q9WXG7,1,1,0,0,0,1,1,1,1,0
A0A455R7M0,1,1,0,0,0,1,1,0,0,0
P13701,0,0,0,0,1,0,0,0,0,1
P12747,0,0,0,0,0,1,1,1,0,0
Q6U6H1,1,1,0,0,1,0,0,0,0,1
Q88F34,1,0,1,0,1,1,0,0,0,0
Q8L5K4,1,1,1,0,0,1,1,1,1,0
P58434,0,0,0,0,0,1,0,0,0,0
P08902,1,0,1,1,0,0,0,0,0,0
Q84361,0,0,0,0,1,1,1,1,1,1
C0HJF7,1,0,0,0,0,1,0,0,0,0
K1J238,1,1,1,1,0,1,1,1,1,0
A7ZRJ5,1,0,1,1,0,0,0,0,0,0
P33110,1,1,0,0,0,1,1,1,1,0
Q73JV3,0,0,0,0,0,1,0,0,0,0
C7BKP9,1,1,1,0,0,1,0,0,0,0
Q0GPY6,1,1,0,0,0,0,0,0,0,0
Q5Z110,1,1,0,0,0,1,1,1,1,0
Q6Q3H8,1,1,1,1,0,1,1,1,1,0
P50097,1,0,1,1,1,0,0,0,0,0
P36923,1,1,0,0,0,1,1,1,1,0
A0A421IFY4,1,0,1,1,0,0,0,0,0,0
A0L9W2,1,0,1,1,0,0,0,0,0,0
Q66765,0,0,0,0,0,1,0,0,0,0
Q5H861,1,1,0,0,0,1,1,0,1,0
P09616,1,0,1,1,0,0,0,0,0,0
P02722,0,0,0,0,1,0,0,0,0,1
A0A023FT45,1,0,1,1,0,0,0,0,0,0
Q7VHS0,1,0,1,0,1,1,0,0,0,0
U3I7D9,1,1,0,0,0,1,1,1,1,0
F1C7I4,1,1,1,1,1,1,1,1,1,1
P03304,1,1,1,1,0,1,0,0,0,0
Q1J1N6,1,0,1,0,0,0,0,0,0,0
Q9RHW0,1,1,1,0,1,1,1,0,1,1
P24300,1,0,1,1,0,0,0,0,0,0
Q9UVI4,0,0,0,0,1,1,0,1,0,1
B1AAM3,1,1,0,0,0,0,0,0,0,0
P15569,0,0,0,0,0,1,0,0,0,0
Q95865,0,0,0,0,1,0,0,0,0,1
Q9S3R8,1,0,1,0,1,0,0,0,0,1
A0A0U4EBH5,1,1,0,0,0,1,1,1,1,0
Q6UEG2,1,1,0,0,0,1,1,1,1,0
Q9WXF2,1,0,1,1,0,0,0,0,0,0
A0A1Z3GD08,1,0,1,0,0,1,0,0,0,0
Q3HRQ2,0,0,0,0,1,1,0,0,0,1
Q9GRC4,0,0,0,0,1,1,0,0,0,1
Q1JHQ6,0,0,0,0,1,0,0,0,0,1
G2WLG4,0,0,0,0,1,1,0,0,0,1
Q85449,1,0,1,1,0,0,0,0,0,0
F4MJ04,0,0,0,0,1,0,0,0,0,1
A0A343URW6,1,1,0,0,1,1,1,0,1,1
P35804,1,0,1,1,0,1,0,0,0,0
B4EVF5,1,1,0,0,0,0,0,0,0,0
U6C6H1,1,1,0,0,0,0,0,0,0,0
Q9P9I8,0,0,0,0,0,1,0,0,0,0
B2C6E9,0,0,0,0,1,0,0,0,0,1
P83716,0,0,0,0,1,1,0,0,0,1
Q9FSV7,1,1,0,0,0,1,1,0,1,0
P55013,1,0,0,0,1,1,0,1,0,1
Q7X281,1,1,0,0,0,0,0,0,0,0
P85109,1,1,0,0,1,1,0,0,0,1
A0A096P8D3,1,1,1,1,0,1,1,1,1,0
Q6WGI9,1,0,0,0,1,0,0,0,0,1
Q6Y7T6,1,1,0,0,0,1,0,0,0,0
E0TZB5,0,0,0,0,1,1,0,0,0,1
B0FAQ4,1,0,1,1,0,0,0,0,0,0
P83245,1,1,0,0,0,1,0,0,0,0
Q01905,0,0,0,0,0,1,0,0,0,0
F6KMV5,1,0,1,1,0,0,0,0,0,0
P31107,1,0,0,0,1,1,0,0,0,1
G0RUC2,1,0,1,1,0,0,0,0,0,0
C0RGW8,1,1,0,0,0,1,1,1,1,0
Q5UR82,1,1,0,0,0,1,1,1,1,0
Q84UV8,1,1,0,0,1,0,0,0,0,1
P68451,1,0,1,1,0,0,0,0,0,0
Q04641,1,0,1,1,0,0,0,0,0,0
I1TJX3,0,0,0,0,0,1,0,0,0,0
P80408,0,0,0,0,1,1,0,0,0,1
A3FEU9,1,0,1,1,0,0,0,0,0,0
M1FPW6,0,0,0,0,1,0,0,0,0,1
Q8NRR3,0,0,0,0,0,1,0,0,0,0
Q8X0Z0,1,1,0,0,0,1,1,1,1,0
P06915,0,0,0,0,0,1,0,0,0,0
P04045,1,0,1,1,0,0,0,0,0,0
Q39688,0,0,0,0,1,0,0,0,0,1
P84881,1,0,0,0,0,0,0,0,0,0
Q60381,1,0,1,1,0,0,0,0,0,0
Q77CD2,0,0,0,0,0,1,0,0,0,0
I6W9F2,1,0,1,1,0,0,0,0,0,0
W5KG21,0,0,0,0,0,1,0,1,0,0
Q8SA63,1,1,0,0,0,1,1,1,1,0
O87990,1,1,0,0,1,1,1,1,1,1
P10542,1,0,1,1,0,0,0,0,0,0
P86569,0,0,0,0,1,0,0,0,0,1
P85060,1,1,0,0,1,1,0,0,0,1
D2DRC4,1,1,0,0,0,1,1,1,1,0
P96453,1,0,1,1,0,0,0,0,0,0
Q79GN7,1,0,1,1,0,0,0,0,0,0
P84785,0,0,0,0,0,1,0,0,0,0
E1ARS7,0,0,0,0,0,1,0,0,0,0
B0VH76,1,1,1,1,0,1,1,1,1,0
L8B068,1,1,0,0,1,1,1,1,1,1
C7N8L9,1,1,0,0,0,1,1,1,1,0
P0DJZ2,1,0,1,1,0,1,0,0,0,0
P0DO20,1,0,1,1,1,0,0,0,0,1
P11409,1,1,0,0,0,1,1,1,1,0
Q94FV7,1,0,1,1,0,0,0,0,0,0
Q9YH12,0,0,0,0,1,1,0,0,0,1
Q8GED9,1,1,0,0,0,0,0,0,0,0
Q9MV26,0,0,0,0,1,0,0,0,0,1
Q9SPP9,1,1,0,0,0,1,1,0,1,0
P0C5W7,0,0,0,0,1,1,0,0,0,1
Q9E7P0,1,0,1,1,0,0,0,0,0,0
R9TNA6,1,0,1,0,0,1,0,0,0,0
A5FF23,1,1,0,0,0,0,0,0,0,0
P84556,1,0,0,0,0,0,0,0,0,0
P86193,1,0,0,0,1,1,0,0,0,1
P67863,0,0,0,0,0,1,0,0,0,0
P09776,1,0,1,1,0,0,0,0,0,0
O57125,1,0,1,1,0,0,0,0,0,0
A0A3Q0KR05,1,1,0,0,0,1,1,1,1,0
A6M5L8,0,0,0,0,1,0,0,0,0,1
Q83887,0,0,0,0,0,1,0,0,0,0
Q873R3,1,1,0,0,0,0,0,0,0,0
P18247,1,0,1,1,0,1,0,0,0,0
P84869,0,0,0,0,0,1,0,0,0,0
C3Z6E6,1,0,1,1,1,0,0,0,0,1
P14894,1,0,1,0,0,1,0,0,0,0
P04882,0,0,0,0,1,0,0,0,0,1
Q8GKU0,1,0,1,1,0,0,0,0,0,0
P0CK11,1,0,1,1,0,1,0,0,0,0
Q9Y749,1,1,0,0,1,1,1,0,1,1
Q936X3,1,1,0,0,0,1,1,1,1,0
C3JAQ3,1,1,0,0,0,1,1,1,1,0
Q6UIL3,0,0,0,0,0,1,1,1,1,0
P52461,1,0,1,1,0,0,0,0,0,0
Q89GE3,1,1,0,0,0,1,1,1,0,0
Q5EPH2,1,0,0,0,0,1,0,0,0,0
Q2U4B8,0,0,0,0,1,0,0,0,0,1
L7T720,0,0,0,0,0,1,1,1,0,0
C0HLT7,1,0,1,1,0,1,0,0,0,0
B5A434,1,1,0,0,0,1,1,1,1,0
Q15EM2,0,0,0,0,1,0,0,0,0,1
P07268,0,0,0,0,0,1,1,0,1,0
P29991,1,0,1,1,0,1,0,0,0,0
P68456,1,0,1,1,0,0,0,0,0,0
Q6T1X6,1,1,0,0,0,0,0,0,0,0
Q2RIF8,1,0,1,1,0,0,0,0,0,0
A0A346LU62,1,0,1,0,1,0,0,0,0,0
Q81BL7,1,0,1,1,1,1,1,1,1,1
Q51918,1,0,1,0,0,0,0,0,0,0
Q43714,0,0,0,0,0,1,0,1,0,0
F2X8A1,1,0,1,1,0,0,0,0,0,0
Q91CG6,1,0,1,1,0,0,0,0,0,0
P52377,0,0,0,0,0,1,0,0,0,0
Q401Q1,1,0,0,0,0,0,0,0,0,0
P86012,1,1,0,0,1,0,0,0,0,1
A4I8P2,1,0,1,1,0,0,0,0,0,0
A0A2U7VKE8,0,0,0,0,0,1,0,0,0,0
E6Y3G9,1,1,0,0,0,0,0,0,0,0
P03607,1,0,1,0,1,0,0,0,0,0
P84846,0,0,0,0,1,0,0,0,0,1
Q0ABW0,1,0,1,1,0,0,0,0,0,0
P08160,0,0,0,0,0,1,0,0,0,0
P11188,0,0,0,0,0,1,0,0,0,0
P09246,1,0,1,0,1,1,1,1,1,1
A0A086F3E3,1,0,1,1,0,1,0,1,0,0
A6VCX3,1,1,0,0,0,0,0,0,0,0
Q2WCN5,0,0,0,0,1,0,0,0,0,1
G2X4G0,0,0,0,0,1,1,0,0,0,1
D2JX42,1,0,1,0,0,0,0,0,0,0
H2D0G4,1,1,0,0,0,0,0,0,0,0
C0HKX5,0,0,0,0,1,1,0,0,0,1
D3JTC1,1,1,1,0,0,1,1,0,1,0
Q8GCH2,1,1,0,0,1,1,1,0,1,1
B3EWP8,0,0,0,0,1,1,0,0,0,1
Q32NK7,0,0,0,0,1,1,0,0,0,1
O06873,1,0,1,1,0,0,0,0,0,0
A0A220GHA5,1,0,1,0,0,1,0,0,0,0
D5FS20,1,1,0,0,0,0,0,0,0,0
A7LXM2,0,0,0,0,0,1,1,1,1,0
S7VVK4,1,0,1,1,1,1,1,1,1,1
P86353,1,0,1,1,1,0,0,0,0,0
P83010,0,0,0,0,1,0,0,0,0,1
Q868M7,1,0,1,1,1,1,0,1,0,1
P11652,1,0,1,1,0,0,0,0,0,0
Q8IS81,0,0,0,0,1,0,0,0,0,1
Q9PSM4,0,0,0,0,1,1,0,1,0,1
O61016,1,0,1,0,1,0,0,0,0,1
A2BIX4,1,1,0,0,0,1,1,1,1,0
P83142,0,0,0,0,0,1,1,1,0,0
H9L9E5,1,1,0,0,0,1,1,1,1,0
D7GXF9,1,1,0,0,0,1,1,0,1,0
P86921,0,0,0,0,1,0,0,0,0,1
D7FF05,0,0,0,0,0,1,0,0,0,0
P04663,1,0,1,1,0,0,0,0,0,0
Q9LRC8,1,1,0,0,0,0,0,0,0,0
C6KYS2,0,0,0,0,0,1,1,1,0,0
B1B5P4,1,1,0,0,1,0,0,0,0,1
Q6MQS4,0,0,0,0,0,1,0,1,0,0
B3F2X4,1,1,0,0,0,1,0,0,0,0
C0HLM4,1,1,0,0,0,1,1,0,1,0
P88989,1,0,1,1,0,0,0,0,0,0
Q2F6L1,0,0,0,0,1,0,0,0,0,1
Q1EPR5,0,0,0,0,0,1,1,1,0,0
P12554,1,0,1,1,0,0,0,0,0,0
P62022,0,0,0,0,1,0,0,0,0,1
Q84HB6,1,1,0,0,0,0,0,0,0,0
Q10749,1,1,1,0,1,1,0,0,0,1
P00590,1,1,0,0,0,0,0,0,0,0
Q2Y080,1,0,1,1,0,0,0,0,0,0
D0Z894,1,0,1,1,0,0,0,0,0,0
P0CC12,1,0,0,0,1,0,0,0,0,1
Q8W405,1,1,0,0,0,0,0,0,0,0
P86707,0,0,0,0,1,1,0,0,0,1
P47543,1,1,1,1,1,1,1,0,0,1
Q6X0I2,1,0,0,0,0,1,0,0,0,0
Q83730,1,0,1,1,0,1,0,0,0,0
P0DN68,1,0,1,0,1,0,0,0,0,0
A9D857,1,0,1,1,0,0,0,0,0,0
B6V2P4,0,0,0,0,1,0,0,0,0,0
Q3Y454,1,1,1,1,1,1,1,1,1,1
P03093,1,0,1,1,0,0,0,0,0,0
Q84568,0,0,0,0,0,1,0,0,0,0
P05422,1,0,1,1,1,1,0,1,0,1
I1TEH9,1,1,0,0,0,0,0,0,0,0
F2XF94,1,1,0,0,0,1,1,1,1,0
Q93P60,1,1,1,0,0,1,1,1,1,0
O05140,1,0,1,1,0,0,0,0,0,0
P84769,0,0,0,0,1,0,0,0,0,1
H6WZF2,1,1,0,0,0,1,1,1,1,0
C4ULG3,1,1,0,0,0,1,0,0,0,0
Q8JL80,1,0,1,1,0,0,0,0,0,0
A0A0H3L116,1,1,0,0,0,0,0,0,0,0
E0WN94,0,0,0,0,0,1,1,0,0,0
B3EWQ6,0,0,0,0,0,1,0,0,0,0
A0A087QAP7,1,1,0,0,0,0,0,0,0,0
B7T1D9,1,0,1,0,0,0,0,0,0,0
B7FDP2,1,0,0,0,1,1,0,0,0,1
Q82LU9,1,1,1,0,0,1,1,1,1,0
Q9XGN3,1,1,0,0,0,1,1,1,1,0
P86096,1,0,0,0,1,1,0,0,0,1
P16666,1,0,1,1,0,0,0,0,0,0
U5PW98,1,1,0,0,0,1,0,0,0,0
Q5GRP9,1,1,0,0,0,1,1,1,1,0
B0KZK1,1,1,0,0,0,0,0,0,0,0
Q4U331,1,1,1,1,0,1,1,1,1,0
R4JRR8,1,1,0,0,0,0,0,0,0,0
Q5FA01,0,0,0,0,0,1,0,1,0,0
E2IHE0,1,1,0,0,0,1,1,1,1,0
P23456,1,1,0,0,0,1,0,0,0,0
P82807,1,1,0,0,1,0,0,0,0,1
Q9XC48,1,1,0,0,0,0,0,0,0,0
P14994,0,0,0,0,0,1,1,1,1,0
A4NBN9,1,0,1,1,0,0,0,0,0,0
Q90WZ1,0,0,0,0,1,1,0,0,0,1
P83012,0,0,0,0,1,0,0,0,0,1
P60615,1,0,1,1,0,0,0,0,0,0
Q8H2C9,1,0,1,0,0,0,0,0,0,0
A0A088QTX9,1,0,1,1,0,0,0,0,0,0
Q8KKF5,1,1,0,0,0,0,0,0,0,0
P87662,1,0,1,1,1,1,0,0,0,1
P56634,1,0,1,0,0,0,0,0,0,0
D2Z0P9,1,0,1,1,0,0,0,0,0,0
A0A167V661,1,1,0,0,0,1,1,1,1,0
A0A161IUT7,1,1,0,0,0,1,1,1,1,0
P22143,1,1,1,0,0,1,1,1,1,0
P41302,1,1,0,0,0,0,0,0,0,0
P0CK43,0,0,0,0,0,1,0,0,0,0
Q27J49,0,0,0,0,1,0,0,0,0,1
B7GPC7,1,1,0,0,0,1,1,1,1,0
Q86BW2,1,0,1,1,0,0,0,0,0,0
B5LWZ9,0,0,0,0,0,1,0,0,0,0
Q2P9J6,1,1,0,0,0,1,1,1,1,0
P38582,0,0,0,0,1,1,1,1,0,1
I1HY48,1,1,0,0,0,0,0,0,0,0
H6WS93,0,0,0,0,1,1,0,0,0,1
O93036,1,0,1,1,0,0,0,0,0,0
B6A882,1,0,1,1,0,0,0,0,0,0
G8GV17,0,0,0,0,0,1,1,1,1,0
D1YGM4,1,1,0,0,0,0,0,0,0,0
I1VZI8,0,0,0,0,1,0,0,0,0,1
Q3XZZ9,1,1,0,0,0,0,0,0,0,0
B1ELW6,1,1,1,0,0,1,1,0,1,0
Q99AU3,1,0,1,1,0,0,0,0,0,0
P24935,0,0,0,0,0,1,0,0,0,0
P41437,1,0,1,1,0,0,0,0,0,0
P07659,1,1,0,0,0,1,0,0,0,0
Q76FP5,1,1,0,0,0,1,1,0,1,0
Q2L6E3,1,1,0,0,0,1,1,1,0,0
P83523,1,1,1,0,1,1,1,0,1,1
Q6BE24,1,1,0,0,0,0,0,0,0,0
Q7YYQ9,1,0,1,1,0,0,0,0,0,0
Q53865,1,1,1,0,0,0,0,0,0,0
P06663,1,0,1,1,0,0,0,0,0,0
F4ZCI3,1,1,0,0,0,1,1,1,1,0
E9BC06,1,1,0,0,1,1,0,1,0,1
K7WBL1,0,0,0,0,0,1,0,0,0,0
D0NJ41,0,0,0,0,0,1,0,0,0,0
Q8I6R7,0,0,0,0,1,1,0,0,0,1
P84790,1,0,1,0,1,1,0,0,0,1
P50477,1,0,1,1,1,0,0,0,0,0
P0DTQ4,1,1,0,0,0,1,1,1,1,0
O96382,0,0,0,0,0,1,0,0,0,0
O82521,1,1,0,0,0,1,1,0,1,0
Q9U518,1,1,0,0,0,1,1,1,1,0
Q1GNW5,1,1,1,0,0,0,0,0,0,0
Q0T963,1,1,0,0,1,0,0,0,0,1
Q1K9H5,1,0,1,1,0,0,0,0,0,0
Q49118,1,1,0,0,0,1,1,1,0,0
P0C8M2,1,0,1,1,1,0,0,0,0,1
Q786F2,1,0,1,1,0,0,0,0,0,0
P69282,0,0,0,0,1,1,0,0,0,1
G8HHE8,1,1,0,0,1,1,1,1,1,1
Q9YI92,0,0,0,0,0,1,0,0,0,0
P25058,1,0,1,0,0,0,0,0,0,0
Q3V5F2,1,1,0,0,0,0,0,0,0,0
D7A0Y0,1,1,0,0,0,1,1,1,1,0
P69718,1,0,1,1,0,1,0,1,0,0
G9MAN7,1,1,0,0,0,1,1,1,1,0
P26235,1,0,0,0,1,1,0,1,0,1
N1NXA6,1,0,1,0,0,0,0,0,0,0
Q86GF7,1,1,0,0,1,1,1,0,0,1
O04818,0,0,0,0,0,1,0,0,0,0
I3J7Q8,1,1,0,0,0,0,0,0,0,0
Q6J540,1,1,0,0,0,1,1,1,1,0
P00641,1,1,0,0,0,0,0,0,0,0
Q8J0F1,1,1,1,1,0,1,1,1,1,0
Q8I6U1,1,0,0,0,1,1,0,1,0,1
A8WCU7,1,1,0,0,0,1,0,1,0,0
Q39478,1,1,0,0,0,0,0,0,0,0
Q24803,1,1,1,1,0,0,0,0,0,0
P05048,1,0,1,0,0,0,0,0,0,0
B5XST9,1,0,1,1,0,0,0,0,0,0
P86575,0,0,0,0,1,0,0,0,0,1
P14079,1,0,1,1,1,1,0,1,0,1
Q197G0,0,0,0,0,0,1,1,1,1,0
Q8N0Q9,1,1,0,0,0,0,0,0,0,0
G2YD64,1,0,1,1,0,0,0,0,0,0
P16113,1,0,1,1,0,0,0,0,0,0
G8XQX1,1,1,1,0,0,0,0,0,0,0
E1V7W0,1,1,0,0,1,1,1,1,1,1
P84156,0,0,0,0,1,1,0,0,0,1
P84886,0,0,0,0,1,1,0,0,0,1
Q59229,1,1,0,0,0,0,0,0,0,0
Q8V2D1,1,0,1,1,0,0,0,0,0,0
Q9R7B5,1,0,1,1,0,0,0,0,0,0
A0A0K1YW63,1,0,0,0,0,1,0,1,0,0
F9RBV9,1,0,1,1,1,0,0,0,0,1
Q81862,1,1,0,0,0,0,0,0,0,0
C8CHL5,1,0,1,1,0,0,0,0,0,0
Q08696,0,0,0,0,1,1,0,1,0,1
P30074,1,1,0,0,0,1,1,1,1,0
O73948,1,0,1,1,0,0,0,0,0,0
Q9IVZ8,1,0,1,1,0,0,0,0,0,0
Q8KLU1,1,0,1,1,0,0,0,0,0,0
P05888,1,0,1,0,0,0,0,0,0,0
Q9XJR2,0,0,0,0,1,0,0,0,0,0
K9IMD0,0,0,0,0,1,1,0,0,0,1
A0A023FFB5,1,0,1,1,0,0,0,0,0,0
D0EW64,1,1,0,0,0,0,0,0,0,0
Q9KIZ4,0,0,0,0,0,1,1,1,1,0
Q7RA60,0,0,0,0,1,0,0,0,0,1
Q0SSB9,0,0,0,0,0,1,0,0,0,0
K7QK87,0,0,0,0,0,1,0,0,0,0
P84768,0,0,0,0,1,0,0,0,0,1
Q8ISS3,1,1,0,0,0,1,1,1,1,0
P03185,1,0,1,1,0,1,0,0,0,0
P84773,0,0,0,0,1,1,0,0,0,1
H9D1R1,1,1,0,0,0,1,0,0,0,0
Q5L4H4,1,0,1,1,0,0,0,0,0,0
P60590,1,0,0,0,0,0,0,0,0,0
F1T149,0,0,0,0,1,1,0,0,0,1
E3PQQ8,0,0,0,0,1,1,0,0,0,1
Q9P885,1,1,0,0,0,1,1,1,1,0
Q5W9T5,1,0,0,0,0,1,0,1,0,0
B3EY95,1,1,0,0,0,1,1,1,1,0
P89079,1,0,1,1,0,0,0,0,0,0
P84845,1,0,0,0,1,1,0,0,0,1
P86316,0,0,0,0,1,1,0,0,0,1
Q83153,1,0,1,1,0,0,0,0,0,0
I1XB05,0,0,0,0,0,1,0,1,0,0
P28960,0,0,0,0,1,0,0,0,0,1
G1AQA5,0,0,0,0,0,1,0,0,0,0
P0CT92,1,1,0,0,0,1,1,1,1,0
P0DOF2,1,0,1,1,0,0,0,0,0,0
S8GIB3,1,0,0,0,1,1,0,1,0,1
Q9XG70,0,0,0,0,0,1,0,1,0,0
A1BTV4,0,0,0,0,1,0,0,0,0,0
A0A166U5H3,1,1,0,0,1,1,1,1,1,1
Q8KZP3,1,0,1,1,0,0,0,0,0,0
A8BBB4,1,0,1,1,0,0,0,0,0,0
Q83YM6,1,0,1,1,0,0,0,0,0,0
G4ZSG0,1,0,1,1,0,0,0,0,0,0
W7JLR6,1,1,1,1,0,0,0,0,0,0
Q8LTE6,0,0,0,0,0,1,0,0,0,0
O40955,1,0,1,1,0,0,0,0,0,0
P84868,0,0,0,0,0,1,0,0,0,0
O77206,1,1,0,0,0,1,1,1,0,0
P07845,1,0,1,1,0,0,0,0,0,0
Q5HH69,1,1,0,0,0,0,0,0,0,0
A0A0M4F9K9,1,1,0,0,0,0,0,0,0,0
Q54410,1,1,0,0,1,1,1,0,1,1
P61558,0,0,0,0,0,1,0,1,0,0
A0A447CCJ8,0,0,0,0,1,1,0,0,0,1
B5EV73,1,0,1,0,1,1,0,0,0,0
Q79AF8,1,0,0,0,0,0,0,0,0,0
A0A060L4I9,0,0,0,0,1,0,0,0,0,1
P85212,0,0,0,0,1,1,0,0,0,1
P85975,1,1,1,0,1,1,0,0,0,1
L0DSL2,1,1,1,0,0,1,1,0,0,0
P78696,1,1,0,0,0,1,1,1,1,0
A0A0G2UGT2,1,0,1,0,0,1,0,1,0,0
P0C794,1,0,1,1,0,0,0,0,0,0
Q9NAR7,1,1,0,0,0,0,0,0,0,0
Q5I6B5,1,1,0,0,0,0,0,0,0,0
Q8DCK7,1,1,0,0,0,0,0,0,0,0
O52830,1,0,1,1,0,0,0,0,0,0
E7D6B9,1,1,0,0,0,0,0,0,0,0
P0DD38,1,0,0,0,0,0,0,0,0,0
Q6IUF8,1,0,1,1,0,0,0,0,0,0
C0HLZ3,0,0,0,0,1,0,0,0,0,1
Q0QLE9,1,1,0,0,0,1,1,1,1,0
P84854,1,1,0,0,0,1,0,0,0,0
P04613,1,0,1,0,0,1,0,0,0,0
H9NAC2,0,0,0,0,1,0,0,0,0,1
A0A1J1DL12,1,1,0,0,0,1,1,0,1,0
P80077,1,0,1,1,0,0,0,0,0,0
Q40858,0,0,0,0,0,1,0,0,0,0
A5KUH4,1,0,1,0,0,0,0,0,0,0
I7HB71,1,1,0,0,0,0,0,0,0,0
P59747,1,0,1,0,0,0,0,0,0,0
G4NYJ6,1,1,0,0,0,0,0,0,0,0
P0DOJ9,1,0,1,1,0,0,0,0,0,0
A0Q7H3,0,0,0,0,1,0,0,0,0,1
A0A1C9CX66,1,1,0,0,0,1,1,1,1,0
Q67020,1,0,1,1,0,0,0,0,0,0
Q5MY96,0,0,0,0,0,1,0,0,0,0
Q7SZE2,1,1,0,0,1,1,1,0,1,1
Q47910,1,1,1,0,1,1,0,1,0,1
Q8SDS7,0,0,0,0,0,1,0,0,0,0
Q8MZJ8,0,0,0,0,1,0,0,0,0,1
C0HKX6,0,0,0,0,1,1,0,0,0,1
D4AK45,1,1,0,0,0,1,1,1,1,0
F7X8H2,1,0,1,0,1,1,0,0,0,0
B3EWP6,1,1,0,0,1,0,0,0,0,1
P06164,1,0,1,1,0,0,0,0,0,0
F5HGT1,0,0,0,0,1,0,0,0,0,0
P81447,0,0,0,0,1,0,0,0,0,1
Q53084,1,1,0,0,1,1,1,0,1,1
F9UQH6,1,0,1,0,1,1,0,0,0,0
Q2UXR3,0,0,0,0,1,0,0,0,0,1
B0T0B1,1,1,1,0,0,1,1,0,1,0
P86269,1,0,0,0,0,0,0,0,0,0
Q9HIA5,1,0,1,1,0,0,0,0,0,0
Q88AW8,1,0,0,0,0,1,0,0,0,0
P86328,1,1,0,0,1,1,1,1,1,1
E4TN31,1,0,0,0,1,1,0,1,0,1
O12792,0,0,0,0,1,0,0,0,0,0
P08703,1,1,0,0,1,1,1,1,1,1
P24698,0,0,0,0,0,1,0,0,0,0
Q92258,1,0,0,0,1,1,0,0,0,1
B5RAG0,1,1,1,0,0,1,1,0,1,0
B4GVM9,0,0,0,0,1,0,0,0,0,1
P37736,0,0,0,0,0,1,0,0,0,0
P86702,1,0,1,0,1,1,0,0,0,1
P84919,0,0,0,0,1,0,0,0,0,1
Q764T8,1,1,0,0,0,1,1,1,1,0
D2J2T6,1,1,0,0,0,0,0,0,0,0
P86453,1,0,0,0,1,1,0,1,0,1
A0A076GD02,1,1,0,0,0,0,0,0,0,0
F7J1C8,1,1,0,0,0,1,1,0,1,0
A0A0F5HNC1,0,0,0,0,1,0,0,0,0,1
C7E9V9,0,0,0,0,1,1,0,0,0,1
Q4H4E4,1,1,0,0,0,1,1,1,0,0
Q2G1M5,1,1,0,0,0,1,1,1,1,0
P14155,1,0,1,1,1,1,1,1,1,0
A0A0A0PJ25,0,0,0,0,0,1,0,1,0,0
P20703,1,1,0,0,0,0,0,0,0,0
Q8GZP6,1,0,0,0,0,1,0,1,0,0
Q47CX0,1,1,0,0,0,0,0,0,0,0
Q6NCB2,1,0,1,1,0,0,0,0,0,0
P45387,1,0,1,1,0,0,0,0,0,0
G4SW86,1,1,1,0,0,1,1,1,1,0
A0A0S1TQ04,1,1,0,0,0,1,1,1,1,0
Q6WZB0,1,1,0,0,0,1,1,1,0,0
C5G6D7,1,1,1,0,0,1,1,1,1,0
Q8GI14,1,1,1,0,0,1,1,1,1,0
A4ZFB2,0,0,0,0,1,0,0,0,0,0
A8CVF3,0,0,0,0,1,1,0,1,0,1
A1YV58,0,0,0,0,1,1,0,0,0,1
Q86PM2,1,1,0,0,0,1,1,1,1,0
B3EWR6,0,0,0,0,0,1,0,0,0,0
Q8A861,1,1,1,0,0,1,1,0,1,0
F1BVB6,1,1,1,0,0,0,0,0,0,0
P83582,1,1,0,0,1,1,1,0,1,1
A0A0K0MJN3,1,0,1,0,0,1,0,1,0,0
O84876,1,1,0,0,0,1,1,0,1,0
Q7LZ71,1,0,1,0,0,0,0,0,0,0
A1Z0M0,0,0,0,0,1,1,0,0,0,1
P00198,1,0,1,0,0,0,0,0,0,0
Q67GI0,1,1,0,0,0,1,1,1,1,0
Q6FVR0,0,0,0,0,1,0,0,0,0,1
Q5EGQ2,1,0,1,1,0,0,0,0,0,0
Q2GIE3,0,0,0,0,1,0,0,0,0,1
O21969,0,0,0,0,0,1,0,0,0,0
P84761,1,0,0,0,0,1,0,0,0,0
Q9GV36,0,0,0,0,0,1,0,1,0,0
A5LGM7,1,0,0,0,1,1,0,0,0,1
C0HJF8,0,0,0,0,1,0,0,0,0,1
Q9KHK2,1,0,1,1,0,0,0,0,0,0
Q8GR92,1,0,1,1,0,0,0,0,0,0
P80186,1,1,0,0,1,0,0,0,0,1
Q2F6M8,0,0,0,0,1,0,0,0,0,1
Q6SGW1,1,1,0,0,0,1,1,1,1,0
Q8PN77,1,0,1,0,1,1,0,1,0,0
P0DOF5,1,0,1,1,0,0,0,0,0,0
Q9X9Q7,1,1,0,0,0,1,1,1,1,0
B4QGZ2,1,0,1,0,0,1,0,0,0,0
P86486,0,0,0,0,1,1,0,0,0,1
O92972,1,0,1,1,1,1,0,0,0,1
A0A0E2J8L1,1,0,1,0,1,1,0,0,0,0
O26771,1,0,1,1,0,0,0,0,0,0
A0A0W0EI05,0,0,0,0,1,0,0,0,0,1
Q9FUB7,1,1,0,0,0,1,1,0,1,0
P0DJL2,1,0,1,1,1,1,0,0,0,1
Q3S2Y4,1,0,1,1,0,0,0,0,0,0
Q9Y8H5,1,1,0,0,0,1,1,1,1,0
Q8KGE0,1,1,0,0,0,1,1,1,1,0
B0G181,0,0,0,0,1,0,0,0,0,1
A1CFL5,1,1,0,0,0,1,1,1,1,0
A0A151EDA9,1,0,1,1,0,0,0,0,0,0
A0A0H3LHU4,1,1,1,0,1,1,0,1,0,1
P86582,0,0,0,0,1,0,0,0,0,1
P56855,0,0,0,0,1,0,0,0,0,1
A5E2T5,1,1,0,0,0,1,1,1,1,0
Q76EC9,1,1,0,0,1,1,0,0,0,1
B7ZK61,1,0,1,0,0,0,0,0,0,0
P11496,1,0,1,1,1,1,0,0,0,1
Q03035,1,0,1,1,0,0,0,0,0,0
C4R8D7,1,0,1,1,1,1,1,1,0,1
Q8ZY09,1,1,0,0,0,1,1,1,1,0
C7G1H4,0,0,0,0,1,1,0,0,0,1
C4M483,1,0,1,1,0,0,0,0,0,0
A0A286R227,1,1,1,0,0,1,1,1,1,0
Q58J72,0,0,0,0,1,0,0,0,0,1
D2K8N5,0,0,0,0,1,1,0,1,0,1
P07173,0,0,0,0,1,1,1,1,0,1
Q4TVQ0,0,0,0,0,0,1,0,0,0,0
Q69559,1,0,1,1,0,0,0,0,0,0
P0DTS9,1,1,0,0,0,1,1,1,1,0
Q6QDP0,1,1,0,0,0,1,1,1,1,0
P81428,1,1,0,0,1,0,0,0,0,1
A0A0F7J832,0,0,0,0,0,1,0,1,0,0
Q5V913,1,0,1,1,0,1,0,1,0,0
Q9K4M4,1,1,0,0,0,1,1,1,0,0
A0A7U9P668,1,1,1,1,0,1,1,1,1,0
P55897,0,0,0,0,0,1,0,0,0,0
Q7U4Z9,1,1,0,0,0,1,1,1,1,0
F9X2M4,0,0,0,0,0,1,1,1,1,0
P82042,1,0,1,1,1,1,0,1,0,1
Q64770,1,0,1,1,0,0,0,0,0,0
Q86SC0,1,0,1,0,1,1,0,0,0,1
P75189,1,0,1,1,1,0,0,0,0,1
Q7JPS0,1,0,1,0,1,1,1,1,1,1
B8ZV93,1,1,0,0,0,1,1,1,0,0
P45782,1,0,1,1,0,0,0,0,0,0
Q9DFV2,0,0,0,0,1,1,0,0,0,1
M1H607,0,0,0,0,0,1,0,0,0,0
Q79F77,0,0,0,0,0,1,1,1,0,0
B3EWJ2,1,0,1,0,0,0,0,0,0,0
Q2FID4,1,1,0,0,0,0,0,0,0,0
G5CPX1,0,0,0,0,0,1,0,0,0,0
B9URJ1,0,0,0,0,1,0,0,0,0,1
Q2F6L6,0,0,0,0,1,0,0,0,0,1
A0A2R4KP93,1,0,1,1,0,0,0,0,0,0
O76745,1,0,1,0,1,1,0,0,0,1
Q7MFA2,1,0,1,0,1,1,0,0,0,0
P15262,0,0,0,0,1,1,0,1,0,1
Q801X7,1,0,1,0,1,1,0,0,0,1
P35977,1,0,1,1,0,0,0,0,0,0
P11218,1,0,1,1,0,0,0,0,0,0
P41495,1,0,1,1,0,0,0,0,0,0
Q96WN6,1,0,0,0,1,1,0,0,0,1
P84865,1,0,1,0,0,0,0,0,0,0
P84214,0,0,0,0,1,0,0,0,0,1
P83403,0,0,0,0,1,1,0,0,0,1
Q9KJ82,1,0,1,1,1,1,0,0,0,0
P16287,0,0,0,0,0,1,0,0,0,0
Q59289,1,1,0,0,1,1,1,1,1,1
P03157,1,0,1,1,0,0,0,0,0,0
G0LD36,1,1,0,0,0,0,0,0,0,0
C0HLZ4,1,1,0,0,0,1,0,0,0,0
Q8GCC1,1,0,1,1,0,0,0,0,0,0
Q67622,0,0,0,0,0,1,1,1,1,0
M1PFC6,1,0,1,1,0,0,0,0,0,0
G3XCY5,0,0,0,0,1,1,1,1,1,1
Q9ZIP8,1,0,1,0,1,1,0,0,0,0
Q9AQS0,1,1,1,0,0,1,1,0,1,0
Q6DUB4,0,0,0,0,1,0,0,0,0,1
A0A1I7U4N8,0,0,0,0,0,1,0,0,0,0
Q38156,1,1,0,0,0,0,0,0,0,0
P84994,0,0,0,0,1,1,0,1,0,1
P85826,0,0,0,0,1,1,0,0,0,1
J9PBR9,1,0,1,1,0,0,0,0,0,0
Q96VN5,1,1,1,1,1,1,1,1,1,1
Q99152,1,0,1,1,0,0,0,0,0,0
A0A5B8NIM2,1,1,0,0,1,1,1,1,1,1
J7LQ09,1,1,0,0,0,1,1,1,1,0
A6X391,1,1,0,0,0,0,0,0,0,0
P18272,1,0,1,1,1,0,0,0,0,0
M5EES5,1,1,0,0,0,1,1,1,1,0
P83657,0,0,0,0,0,1,0,0,0,0
A9BGA3,1,0,1,0,1,0,0,0,0,0
P86471,0,0,0,0,1,1,0,0,0,1
Q9NIG5,1,0,1,1,0,0,0,0,0,0
Q6GZ04,1,1,0,0,0,1,1,1,1,0
C8Z3H3,1,0,1,1,0,0,0,0,0,0
A0A1B9I5J6,1,1,0,0,0,1,1,1,1,0
Q8JPY1,0,0,0,0,1,0,0,0,0,0
Q5W271,0,0,0,0,0,1,1,1,0,0
K9NVA6,1,0,1,0,1,0,0,0,0,1
A9ZND1,1,1,0,0,0,1,1,0,1,0
P12296,1,1,0,0,1,1,1,1,1,0
Q8WSF8,1,0,1,1,0,0,0,0,0,0
C0HLS2,0,0,0,0,1,1,0,1,0,1
P21735,1,0,1,1,0,0,0,0,0,0
C4TP09,1,1,1,0,0,0,0,0,0,0
C0HJM4,0,0,0,0,1,1,0,0,0,1
Q6DNE2,1,0,1,1,0,0,0,0,0,0
P03602,0,0,0,0,1,0,0,0,0,1
Q9LCU3,1,1,0,0,0,1,1,1,1,0
P68163,1,1,1,0,1,1,1,0,1,1
F1BCP4,0,0,0,0,0,1,0,0,0,0
P03077,1,0,1,1,0,0,0,0,0,0
P11796,0,0,0,0,1,0,0,0,0,1
P89522,1,0,1,1,0,0,0,0,0,0
P0DTQ0,1,1,1,0,0,1,1,1,1,0
P09396,0,0,0,0,1,0,0,0,0,1
Q9L4Q7,1,1,0,0,0,0,0,0,0,0
Q1W694,1,1,0,0,0,1,1,1,1,0
B5XI03,0,0,0,0,0,1,0,0,0,0
Q83639,0,0,0,0,0,1,0,1,0,0
Q9C447,0,0,0,0,0,1,1,1,1,0
C6CBG9,1,1,1,0,0,1,1,0,1,0
P85345,1,1,0,0,0,0,0,0,0,0
D5E0A1,1,1,0,0,0,1,1,1,1,0
D1MGU1,1,0,1,1,1,1,0,0,0,1
O35210,1,0,0,0,0,0,0,0,0,0
P0DJJ7,1,1,0,0,1,1,1,1,1,1
A5IZ80,1,1,0,0,0,0,0,0,0,0
Q4Q2F6,0,0,0,0,1,0,0,0,0,1
X2G6C4,1,0,1,1,0,0,0,0,0,0
Q2HWU2,0,0,0,0,1,0,0,0,0,1
Q8GHB2,1,1,0,0,0,1,1,1,0,0
J7GY78,1,1,0,0,0,0,0,0,0,0
P83721,1,0,1,0,0,0,0,0,0,0
Q87KN2,0,0,0,0,0,1,0,0,0,0
Q97BE1,1,1,0,0,0,0,0,0,0,0
P85004,1,0,1,0,0,1,0,0,0,0
Q9SPB1,1,1,0,0,0,0,0,0,0,0
Q4G3H1,1,0,1,1,0,0,0,0,0,0
P06593,1,0,1,1,0,0,0,0,0,0
P85873,0,0,0,0,1,0,0,0,0,1
D6R3B6,1,1,0,0,0,1,1,0,1,0
A8AAA9,1,0,1,1,0,0,0,0,0,0
Q19MC2,0,0,0,0,0,1,0,1,0,0
Q00799,0,0,0,0,1,1,0,1,0,1
G1PXH7,1,0,1,1,0,0,0,0,0,0
P0DUD0,1,1,0,0,0,1,1,0,1,0
Q853W0,1,0,1,0,0,0,0,0,0,0
C0HKX3,0,0,0,0,1,1,0,0,0,1
Q86FP8,1,0,0,0,0,0,0,0,0,0
A4FXZ3,1,0,1,1,0,0,0,0,0,0
P10051,0,0,0,0,0,1,0,0,0,0
Q1MJ97,1,1,0,0,0,1,1,1,1,0
Q05246,0,0,0,0,0,1,0,0,0,0
Q8X1D8,1,1,1,0,0,1,1,0,0,0
P33186,1,0,1,1,0,0,0,0,0,0
Q96662,1,0,1,1,0,0,0,0,0,0
P26261,1,0,1,1,0,1,0,1,0,0
Q92ET9,1,1,0,0,0,0,0,0,0,0
Q9XS82,1,0,1,1,0,0,0,0,0,0
Q26304,1,1,1,0,0,1,1,1,0,0
Q0ILH2,1,1,0,0,0,0,0,0,0,0
P82410,1,0,0,0,0,1,0,0,0,0
B7UMB3,1,0,1,1,0,0,0,0,0,0
P84270,1,0,0,0,1,1,0,0,0,1
P03630,1,0,1,1,0,0,0,0,0,0
Q81964,0,0,0,0,1,0,0,0,0,1
I6LAD1,1,0,1,1,0,0,0,0,0,0
Q2F862,1,0,1,1,0,0,0,0,0,0
A6M2W4,1,0,1,0,0,0,0,0,0,0
P69726,1,0,1,1,1,1,0,1,0,1
A0A2L2DDD0,0,0,0,0,1,1,0,0,0,1
Q9EY50,1,1,0,0,0,1,1,1,1,0
P86475,0,0,0,0,1,1,0,0,0,1
P84913,0,0,0,0,1,1,0,0,0,1
A0A0H3MF55,1,1,0,0,0,0,0,0,0,0
Q04830,1,1,1,1,1,1,0,0,0,0
Q6LAL0,1,0,1,1,0,0,0,0,0,0
M1RIR6,1,1,0,0,0,1,1,0,1,0
Q9AIS0,1,0,1,1,0,0,0,0,0,0
Q6NE49,0,0,0,0,1,0,0,0,0,1
P03308,0,0,0,0,1,1,0,0,0,1
Q83WC3,1,1,0,0,0,1,1,1,1,0
O96935,1,1,0,0,1,1,1,0,1,1
Q5LB17,1,1,0,0,0,1,1,1,1,0
Q6VE93,1,1,1,1,1,0,0,0,0,1
O97935,0,0,0,0,1,0,0,0,0,1
B9W5G6,1,0,1,1,0,0,0,0,0,0
A0A096XJN4,0,0,0,0,0,1,1,1,1,0
P84760,0,0,0,0,0,1,0,0,0,0
D2X8K2,1,1,1,0,0,1,0,0,0,0
Q7T6V0,1,0,1,1,0,0,0,0,0,0
Q70FD1,1,1,0,0,0,1,1,0,1,0
G9EZR6,1,1,0,0,0,1,1,1,1,0
A5N6T4,1,1,0,0,0,0,0,0,0,0
C7F6X3,1,0,1,0,0,0,0,0,0,0
Q75VN4,0,0,0,0,1,1,0,0,0,1
Q54240,1,1,0,0,0,1,1,1,1,0
C3JXY0,1,1,0,0,0,0,0,0,0,0
B9K4G4,1,1,0,0,0,0,0,0,0,0
P86305,0,0,0,0,1,0,0,0,0,1
Q2VJD5,0,0,0,0,1,0,0,0,0,1
A0A8F5SIS3,1,1,0,0,0,1,1,1,1,0
Q5M699,0,0,0,0,0,1,0,0,0,0
F0QRW4,1,0,1,1,0,0,0,0,0,0
Q5L6R9,1,1,1,0,1,0,0,0,0,1
A0A1I8MUL8,0,0,0,0,0,1,0,0,0,0
C0HKZ8,0,0,0,0,1,0,0,0,0,1
Q9P854,1,1,0,0,0,1,1,1,1,0
Q4VNK0,1,1,0,0,0,1,1,0,0,0
J7FQE8,1,0,0,0,0,1,0,0,0,0
P0CB20,1,0,1,1,0,0,0,0,0,0
A0A2U7VJX7,0,0,0,0,0,1,0,0,0,0
B5R541,1,1,1,0,0,1,1,0,1,0
K9N7D2,0,0,0,0,0,1,0,0,0,0
Q46389,1,1,1,1,0,1,1,0,1,0
C0HLG5,1,0,0,0,1,0,0,0,0,1
P21698,0,0,0,0,0,1,1,1,1,0
C5DEB9,1,0,1,1,0,0,0,0,0,0
Q868D4,1,0,1,1,0,0,0,0,0,0
A7LKG5,1,1,0,0,0,0,0,0,0,0
Q83WF5,1,1,0,0,0,1,1,1,0,0
B4YQU1,1,1,0,0,0,1,1,1,1,0
I1WVY3,1,1,0,0,1,0,0,0,0,1
P0CC17,1,1,0,0,1,1,0,1,0,1
O74932,1,1,0,0,0,1,1,1,1,0
P72137,1,0,0,0,1,1,1,1,1,1
O74205,0,0,0,0,1,1,1,1,0,1
B1XIU7,0,0,0,0,0,1,1,1,1,0
Q67PY4,1,0,1,1,0,0,0,0,0,0
Q07097,1,0,0,0,0,1,0,0,0,0
P83691,1,1,1,0,0,1,1,1,1,0
P0CK45,1,0,1,1,0,1,0,0,0,0
G8T8D0,1,1,0,0,0,0,0,0,0,0
P85045,1,1,0,0,1,1,0,0,0,1
Q92246,1,1,0,0,0,1,0,1,0,0
Q28362,1,0,1,1,0,0,0,0,0,0
V9VGU0,1,0,1,0,0,1,0,1,0,0
B3A0N4,0,0,0,0,1,1,0,0,0,1
P03355,1,1,1,0,1,1,1,1,1,0
P83637,0,0,0,0,1,1,0,0,0,1
Q05G10,1,0,1,1,0,0,0,0,0,0
P00784,1,0,1,1,0,0,0,0,0,0
O48503,0,0,0,0,0,1,0,0,0,0
Q6QJ75,1,1,0,0,1,1,1,1,1,1
Q5LT62,1,0,0,0,0,0,0,0,0,0
P61555,0,0,0,0,0,1,0,1,0,0
A0A2L0V156,1,1,0,0,0,0,0,0,0,0
G3KIM6,1,1,0,0,1,0,0,0,0,1
Q44057,1,1,0,0,0,1,0,0,0,0
Q2VL32,0,0,0,0,0,1,0,0,0,0
P06427,1,0,1,1,0,0,0,0,0,0
