AA_Name,Amino_Acid,Frequency
Methionine,M,0.025004337
Asparagine,N,0.04566102
Alanine,A,0.082806573
Glutamine,Q,0.038217895
Lysine,K,0.059843711
Serine,S,0.068736572
Isoleucine,I,0.057063388
Leucine,L,0.090134041
Valine,V,0.067894114
Threonine,T,0.058435321
Glycine,G,0.075970159
Cysteine,C,0.026325791
Aspartic Acid,D,0.05717602
Glutamic Acid,E,0.062795581
Proline,P,0.052870033
Tyrosine,Y,0.036042833
Phenylalanine,F,0.042154372
Tryptophan,W,0.016613361
Arginine,R,0.053981912
Histidine,H,0.024858237
Pyrrolysine,O,0.0022
Selenocysteine,U,0.0044
Glutamine/Glutamic acid,Z,0.0038
