AA_Name,Amino_Acid,Frequency
methionine,M,0.024304655
serine,S,0.079132972
leucine,L,0.094757844
glutamic acid,E,0.066758539
glutamine,Q,0.043277727
lysine,K,0.059954823
glycine,G,0.065983725
alanine,A,0.073424646
aspartic acid,D,0.052095595
isoleucine,I,0.05046754
asparagine,N,0.042077941
threonine,T,0.054360231
proline,P,0.054252681
arginine,R,0.055964272
valine,V,0.063889804
histidine,H,0.024620346
tyrosine,Y,0.029813377
phenylalanine,F,0.039476105
tryptophan,W,0.013075066
cysteine,C,0.020951289
selenocysteine,U,0.005506061
pyrrolysine,O,0.002175
asparagine/aspartic acid,B,0.0018
glutamine/glutamic acid,Z,0.0038
